name,bom_stn_num
Tyalgum Bridge,558088
Clarrie Hall Dam (mAHD),558028
Clarrie Hall Dam D/S,558009
Corindi R at Boyles Bridge,559070
Corindi R at Pacific Highway,559069
Woolgoolga Ck at Woolgoolga,559043
Slatey Creek,561176
Winding Ck at Fifth St Br,561178
Cockle Ck at Barnsley Vale,561068
Shoalhaven R at Mountview,569019
Shoalhaven R at Warri,570037
Mongarlowe R at Mongarlowe,569010
Severn R at Fladbury,556019
Severn R at Strathbogie,554004
Severn R at Ducca Marrin,554012
Macintyre R at Wallangra,54147
Severn R at Pindari Dam W/L,554001
Severn R at Ashford,54145
Fish R at Tarana,63297
Campbells R U/S Chifley Dam,63298
Chifley Dam,563008
Queanbeyan R at Tinderry,570965
Queanbeyan R U/S Googong Dam,570781
Burra Ck at Burra,570002
Maranoa R at Old Cashmere,43100
Balonne R at Surat,543005
Balonne R at St George,43104
Wonnangatta R at Crooked River,585033
Wonnangatta R at Waterford,84118
Dargo R at Lower Dargo Rd,584005
Latrobe R at Noojee,585036
Latrobe R at Willowgrove,585030
Moe R at Darnum,585247
Werribee R at Ballan,587017
Werribee R at Bacchus Marsh,587023
Parwan Ck at Parwan,587042
Barwon R at Ricketts Marsh,590000
Barwon R at Kildean Lane,590006
Barwon R at Winchelsea,87109
Wimmera R at Eversley,579005
Mt. Cole Ck at Crowlands,579006
Wattle Ck at Navarre,579010
Coliban R at Springhill,588035
Coliban R D/S Lauriston Res,588036
Coliban R at Malmsbury Res,588033
Delatite  R at Tonga Bridge,588127
Jamieson R at Gerrang Bridge,583014
Goulburn R at Dohertys,583151
Murray R at Biggara,582015
Murray R at Bringenbrong,572004
Corryong Ck at Towong,582026
Lt Nerang Ck at Little Nerang Dam #,540054
Nerang R at Numinbah Valley #,540438
Nerang R at Numinbah Valley *,540437
Stanley R at Peachester *,540046
Stanley R at Woodford-1 #,540337
Stanley R at Woodford-2 #,540338
Mooloolah R at Mooloolah #,540345
Mooloolah R at Mooloolah *,540300
Ewen Maddock Dam #,540346
Burrum R at Lenthalls Dam #,40906
Burrum R at Lenthalls Dam *,540267
Torbanlea #,540449
Alligator Flats #,539220
Baffle Ck at Mimdale #,539132
Baffle Ck at Mimdale *,539085
Carmila Ck at Carmila *,533014
Plane Ck at West Plane Ck Rd #,533212
Plane Ck at Sucrogen Weir #,533143
Wild R at Silver Valley *,531015
Millstream at Ravenshoe *,531059
Millstream at Archers Creek *,531021
Condamine R at The Head #,541144
Condamine R at Brosnans Barn *,541039
Spring Ck u/s Killarney #,541138
Warrego R at Barngo Crossing #,535167
Warrego R at Bogarella Crossing #,544038
Warrego R at Caroline Crossing #,544042
Cornish Ck at Bowen Downs *,536006
Towerhill Ck at Gelebele *,536016
Landsborough R at Tragowel *,536015
East Normanby R at Mulligan Hwy *,531091
Normanby R at Battle Camp *,528002
Laura R at Coalseam Ck *,528004
Onkaparinga R at Charleston,23907
Onkaparinga R at Woodside,523714
Western Branch Creek at Tiers Rd,523716
Torrens R at Mt Pleasant (DEW),523778
Torrens R at Mt Pleasant (SAW),523732
Angas Ck at Muellers Rd,523735
Malcolm Creek (SAW),523784
Warren Reservoir (SAW),523737
South Para Reservoir (SAW),523311
Angas R at Angas Weir (DEW),523773
Angas R DS Willyaroo (DEW),524523
Angas R DS Ballandown Rd (DEW),524534
Wakefield R at Taylors VY (DEW),521013
Eyre Creek at Auburn (DEW),521016
Skillogalee Ck at Goodonga (DEW),521015
R Murray at Wentworth (Lock 10),47100
R Murray US Lock 9 (DEW),547009
R Murray DS Lock 9 (DEW),547006
Hutt R at Clare Car. Park (DEW),521008
Cooper Ck at Nappa Merrie,545002
Duck Rv at Scotchtown (D),591035
Forth Rv (Abv Lemonthyme PS) (H),596057
Meander Rv at Meander,91267
Meander Rv at Deloraine Rwy Br (H),91227
Meander Rv at Strathbridge (D),91260
Coal Rv at Craigbourne Dam (D),94182
White Kangaroos Rt abv Coal Rv (D),594018
Coal Rv at Richmond (D),94183
Ord River at Bedford Downs,502015
Ord River at Old Ord Homestead,502028
Negri River at Mistake Ck Homestead,514825
Oakover River at Ripon Hills Road,504039
Nullagine River at Nullagine,504016
Nullagine River at Tumbinna Pool,504036
Minilya River at Minilya Bridge,506004
Gascoyne River at Yinnetharra Xing,507000
Hutt River at Yerina,508040
Chapman River at Utakarra,508026
Yilgarn River at Gairdners Crossing,510030
Lockhart River at Kwolyn Hill,510252
Avon River at Boyagarra Rd,510514
Big Brook at Oneil Road,509221
Serpentine Drain at Dog Hill,509295
Punrack Drain at Yangedi Swamp,509483
Walsall Bk at Chapman Hill Rd CB2,109509
Vasse River at Doyle Rd CB1,109508
Sabina Main Drain at Vasse Hwy CB3,9984
Goodga River at Black Cat Flat,509011
Kalgan River at Stevens Farm,509320
King River at Billa Boya Reserve,509585
Armstrong R u/s Buntine Highway*,514871
Townsend Ck u/s Buntine Highway*,514800
Camfield R at Buntine Highway*,514870
Tweed R at Palmers Road,558018
Tweed R at Uki,58167
Oxley R at Eungella,58193
Tweed R at Bray Park Weir (mAHD),558065
Tweed R at Murwillumbah Br (mAHD),558067
Tweed R at Murwillumbah (mAHD),58186
Rous R at Chillingham,58011
Rous R at Boat Harbour,58204
Rous R at Boat Harbour (Nobbys Ck),558077
Rouse R at Kynnumboon,558051
Tweed R at Tumbulgum,558014
Tweed R at Chindera (mAHD),558010
Tweed R at Barneys Point,558102
Tweed R at Dry Dock (mAHD),558029
Cudgen Ck at Kingscliff,558050
Cudgen Lake at Bogangar,558043
Burringbar Ck at Tweed Valley Way,558103
Crabbes Ck at Crabbes Creek,558105
Crabbes Ck at Wooyung Road,558095
Yelgun Ck at Yelgun,558096
Yelgun Ck at Helen St Bridge,558112
Marshalls Ck at The Pocket,558004
Lacks Ck at Middle Pocket,558005
Marshalls Ck at Billinudgel,558020
Marshalls Ck at Ocean Shores,558108
Brunswick R at Sherrys Br,558007
Mullumbimby Ck at Mullumbimby Creek,558008
Mullumbimby Ck at Azalea St Bridge,558111
Brunswick R at Mullumbimby,558006
Brunswick R at Brunswick Heads,558063
Byron Bay (Tallow Ck Br),558098
Byron Bay (Belongil Ck Br),558099
Back Ck at Bentley,58202
Leycester Ck at Rock Valley,58199
Goolmangar Ck at Nimbin,58180
Goolmangar Ck at Goolmangar,558075
Terania Ck at The Channon,58147
Leycester Ck at Tuncester (mAHD),58201
Coopers Ck at Repentance,558000
Coopers Ck at Corndale,58206
Wilsons R at Nashua,58162
Wilsons R at Eltham,58200
Wilsons R at Woodlawn (mAHD),558012
Browns Ck Pump Station,558100
Lismore (Dawson Street),558087
Wilsons R at Lismore (mAHD),58176
Wilsons R at East Gundurimba,558047
Wilsons R at Tuckurimba,558076
Richmond R at Wiangaree,558001
Richmond R at Kyogle,558002
Eden Ck at Doubtful,558037
Richmond R at Casino**,558013
Shannon Brook at Yorklea,558038
Richmond R at Coraki,58175
Myrtle Ck at Rappville,558015
Bungawalbin Ck at Neileys Lagoon Rd,558101
Richmond R at Bungawalbin,58184
Richmond R at Byrnes Pt,558044
Rocky Mouth Ck U/S Evans R,558054
Evans R at Tucombil Hwy Br,558058
Evans R at Evans Head,558048
Lake Ainsworth,558052
Maguires Ck at Teven,558070
Maryland R at Wylie Creek,556026
Cataract R at Sandy Hill,556024
Peacock Ck at Bonalbo,557004
Clarence R at Tabulam,557000
Timbarra R at Billyrimba,560032
Timbarra R at Drake,557007
Clarence R at Baryulgil,57114
Mann R at Shannon Vale,556023
Mann R at Mitchell,557003
Aberfoyle R at Aberfoyle,557011
Guy Fawkes R at Ebor,557009
Boyd R at Broadmeadows,57116
Bielsdown Ck at Dorrigo,559025
Nymboida R at Nymboida,59124
Nymboida R d/s Nymboida Weir,558040
Mann R at Jackadgery,57113
Dandahra Ck at Gibraltar Range,557008
Clarence R at Lilydale,557005
Orara R at Orange Grove,559018
Orara R at Karangi,559023
Orara R at Glenreagh TM**,559066
Orara R at Bawden Bridge**,558074
Clarence R at Rogans Br.,558055
Clarence R at Grafton (Prince St),58178
Clarence R at Ulmarra,58188
Coldstream R at Tyndale,558073
Clarence R at Lawrence^,558110
Clarence R at Maclean,558022
Clarence R at Yamba,558062
Wooli R at Caravan Park,558060
Wooli R at Entrance,559044
Bennetts Rd (Coffs Harbour),559063
Bakers Rd (Coffs Harbour),559055
Loaders Ln (Coffs Harbour),559056
Bray St (Coffs Harbour),559057
Gundagai St (Coffs Harbour),559058
Englands Rd (Coffs Harbour),559059
Indusrial Dr (Coffs Harbour),559053
Coffs Ck at Coffs Harbour,559012
Newports Ck at Coffs Harbour,559039
Coffs Inner Harbour,559014
Sawtell (Coffs Harbour),559054
Spagnolos Rd (Coffs Harbour),559064
Moonee Creek (Moonee Creek),559078
Red Rock (Corindi River),559079
Boambee (Boambee Creek),559080
Boambee Entrance (Boambee Creek),559081
Bellinger R at Thora,59121
Never Never Ck at Gleniffer,559004
Bellinger R at Bellingen Br,59126
Bellinger R at Repton,559024
Kalang R at Kooroowi (Scotchman),559008
Kalang R at Urunga,559011
South Creek at Bowraville,559068
Nambucca R Upstream Bowraville,559045
Bowraville Lanes Bridge,559001
Nambucca R Downstream Bowraville,559072
Taylors Arm at Upper Taylors Arm,559073
Taylors Arm at Utungun,559005
Nambucca R at Macksville,559006
Gara R at Willow Glen,556031
Gara R at Malpas Dam,556032
Gara R d/s Malpas Dam,556034
Dumaresq Ck D/S Dumaresq Dam,556022
Dumaresq Ck at Armidale,556017
Sandy Ck at Newholme,556020
Commissioners Ck at Tiverton,556021
Macleay R at Dangars Falls,556012
Wollomombi R at Coninside,557006
Styx R at Jeogla,557002
Tia R at Tia,57112
Apsley R at Apsley Falls,557012
Apsley R at Apsley Gorge,557013
Macleay R at Georges Creek,557001
Macleay R at Bellbrook,59122
Macleay R at Toorooka,559038
Majors Ck at Moparrabah,59128
Macleay R at Turners Flat,559002
Dungay Ck at Wittitrin,59125
Macleay R at Sherwood Br,559067
Macleay R at Aldavilla D/S,559151
Macleay R at Kempsey,59127
Collombatti Ck at Collombatti,559037
Macleay R at Belmore Entrance,559003
Belmore R at Smithtown,559040
Kinchela Ck at Kinchela Entrance,559010
Macleay R at Plummers Lane,559035
Macleay R at South West Rocks,559041
Hastings R at Mt Seaview,560002
Forbes R at Birdwood,560031
Ellenborough R D/S Bunnoo River,560000
Hastings R at Kindee Bridge,60116
Hastings R at Long Flat,560016
Pappinbarra Ck at Beechwood,60138
Hastings R at Wauchope Raliway Br,60124
Hastings R D/S Dennis Bridge,560042
Wilson R at Telegraph Pt (WTP),560064
Wilson R at Telegraph Pt,560011
Wilson R at Avenal,560033
Maria R at Mundays Lane,560067
Hastings R at Settlement Point,60133
Hastings R at Entrance,560050
Herons Ck at Herons Ck Br,560022
Camden Haven R at Lorne Bridge,560025
Upsalls Ck at Upsalls Ck Br,560010
Stewarts R at Redoak,560012
Camden Haven R at Laurieton,560018
West Haven at Stingray Ck,560047
Camden Haven R at North Haven,560045
Barnard R at Barry,60128
Manning R at Bretti (Mackay),60137
Nowendoc R at Nowendoc,560035
Nowendoc R at Rocks Crossing,60118
Gloucester R at Bellevue,560063
Gloucester R at Forbesdale,560061
Avon R D/S Waukivory Ck,560060
Gloucester R at Gloucester,560062
Barrington R at Forbesdale,560001
Gloucester R at Doon Ayre,560006
Manning R at Mt George,60117
Manning R at Killawarra,60129
Dingo Ck at Ashlea Br D/S,560065
Manning R at Wingham**,60120
Manning R at Taree**,60119
Manning R at Croki,560008
Lansdowne R at Lansdowne,560037
Manning R at Farquhar Inlet,560041
Manning R at Harrington Entrance,560027
Wallamba R at Nabiac,560048
Wang Wauk R at Willina,560049
Wallamba River at Tuncurry,560053
Wallis Lake at Tuncurry (Pt Rd),560057
Wallis Lake at Forster,560044
Pacific Palms Wharf,560066
Myall R at Upper Markwell,560056
Myall R at Markwell,561104
Myall R at Bulahdelah,560040
Crawford R U/S Bulahdelah,560058
Karuah R at Dam Site,561106
Karuah R at Booral,561040
Shoal Bay,561153
Chichester R at Chichester,561059
Williams R at Tilligra,561033
Williams R at Dungog,61267
Myall Creek at Dungog,561171
Williams R at Mill Dam Falls,61339
Williams R at Seaham,561087
Lostock Dam Water Level,561013
Paterson R D/S Lostock Dam,561011
Allyn R at Halton,561019
Paterson R at Vacy,561020
Paterson R at Gostwyck Br,61349
Paterson R D/S Rail Br,561032
Paterson R D/S Dunmore,561075
Paterson R at Hinton Br,561023
Goulburn R at Coggan,562010
Merriwa R U/S Vallances Ck,561130
Goulburn R at Kerrabee,62094
Goulburn R at Sandy Hollow,561008
Wybong Ck at Wybong,561009
Pages R at Blandford,61372
Isis R at Lower Timor,561160
Isis R at Stick Me Up Br,561161
Pages R at U/S Kewell Ck,561159
Pages R at Gundy,61348
Kingdon Ponds at Wingen,561100
Kingdon Ponds at Parkville,61373
Middle Bk at Cressfield,561101
Kingdon Ponds at Scone,61360
Moonan Bk at Moonan Brook,561041
Hunter R at Moonan Dam Site,561003
Hunter R at Belltrees,561042
Glenbawn Dam,561012
Hunter R D/S Glenbawn Dam,61185
Rouchel Bk at Rouchel Brook,561007
Dart Brook at Yarrandi Br,561018
Hunter R at Aberdeen,561024
Hunter R at Muswellbrook,561005
Hunter R at Denman,561015
Wollombi Bk at Laguna,561166
Congewai Ck at Millfield,561167
Wollombi Bk at Wollombi,561169
Wollombi Bk at d/s Brickmans Br,561058
Wollombi Bk at Bulga,61347
Wollombi Bk at Warkworth,561006
Hunter R at Liddell Pump Stn,561017
Bayswater Ck at Liddell,561047
Hunter R U/S Bowmans Ck Br,561051
Foy Bk D/S Bowmans Ck Br,561055
Hunter R U/S Glennies Ck,561052
Carrow Brook,561048
Glennies Ck at Glennies Ck Dam,561049
Glennies Ck at The Rocks No2,561045
Glennies Ck at Middle Falbrook,561014
Hunter R at Maison Dieu,561053
Hunter R at Long Point,561057
Hunter R U/S Singleton,561054
Hunter R at Singleton,561010
Black Ck at Rothbury,561046
Hunter R at Greta,561016
Hunter R at Oakhampton Br,561039
Hunter R D/S Bolwarra,561071
Hunter R at Maitland Belmore Br,61268
Wallis Ck at Louth Park,561094
Wallis Ck U/S High St,561093
Wallis Ck D/S High St,561095
Hunter R at McKimms Corner,561064
Hunter R at Morpeth,561002
Hunter R at Green Rocks,561021
Hunter R at Raymond Terrace,561037
Hunter R at Hexham Br,561022
Hunter R at Stockton Br,561088
Ironbark Ck (Croudace Rd),561121
Styx Channel (Kotara),561120
Cockle Ck at Cockle Ck Railway Stn,561073
Lake Macquarie at Marmong Point,561063
Lake Macquarie at Belmont,561070
Stoney Creek U/S Toronto,561177
Stoney Creek at Toronto,561157
Dora Ck at Cooranbong,561074
Stockton Ck at Morrisset,561089
Dora Ck at Kalang Rd,561062
Lake Macquarie at Swansea Channel,561090
Wyong R at Yarramalong,561031
Wyong R at Gears,61383
Wyong R at Gracemere,561038
Jilliby Ck at Jilliby,61380
Wyong R U/S Wyong Weir,561066
Wyong R U/S Wyong Br,61386
Tumbi Umbi Ck,561092
Wallarah Ck at Bridge,561091
Ourimbah Ck U/S Weir,561034
Ourimbah (Ourimbah Ck),561152
Ourimbah Ck at Kangy Angy,61384
Ourimbah Ck at Lees Bridge,561086
Tuggerah Lake at Toukley,561000
Tuggerah Lake at The Entrance,561001
Tuggerah Lake at Long Jetty,561080
Lisarow,561125
Narara,561126
West Gosford,561127
Patonga (Tidal),561149
Narabeen Lagoon at Ocean Street,566086
Mulwaree R at The Towers,570062
Pejar Dam,570068
Kialla Ck at Pomeroy,570072
Wollondilly R at Marsden Weir,570070
Mulwaree R at Lansdowne Br,570066
Wollondilly R at Murrays Flat,570027
Wollondilly R at Golden Valley,568152
Wingecarribee R at Sheepwash Bridge,568234
Wingecarribee R at Bong Bong Weir,568238
Wingecarribee R at Berrima,568215
Wingecarribee R at Greenstead,68215
Tarlo R at Willowbank,570073
Wollondilly R at Jooriland,568144
Neubecks Ck U/S Wallerawang,563077
Coxs R at Wallerawang Power Stn,563076
Coxs R U/S Lake Lyell,563097
Falmers Ck at Mount Walker,563099
Coxs R at Glenroy Bridge,563089
Coxs R at Island Hill,563100
Megalong Ck at Narrow Neck,563098
Coxs R at Kelpie Point,563000
Kowmung R at Cedar Ford,563039
Nattai R at The Crags,568235
Nattai R at Smallwoods Crossing,568140
Werriberri Ck at Werombi,568214
Warragamba Dam,567099
Cataract Dam,568143
Cataract R at Broughtons Pass,568156
Cordeaux Dam,68211
Avon Dam,568142
Nepean Dam,68212
Nepean R at Avon Dam Rd,568211
Stonequarry Ck at Picton,568172
Nepean R at Menangle Bridge,68216
Nepean R at Camden Weir,568154
Nepean R at Mount Hunter,568151
Nepean R at Wallacia Weir,67093
Nepean R at Penrith,567047
Nepean R at Castlereagh,567045
Grose R at Grose Wold (Burralow),563024
Hawkesbury R at North Richmond,567098
Hawkesbury R at Freemans Reach,563011
Hawkesbury R at Windsor SWC,567062
Hawkesbury R at Windsor PWD,567044
South Ck at Mulgoa Road,567070
South Ck at Gt Western Hwy,567071
Ropes Ck at Debrincat Ave,567073
Colo R at Upper Colo,563033
Macdonald R at Howes Valley,561036
Macdonald R at St Albans,61353
Cattai Ck at Murphys Bridge,567117
Hawkesbury R at Ebenezer,563010
Hawkesbury R at Lower Portland,67094
Hawkesbury R at Wisemans Ferry,561004
Hawkesbury R at Gunderman,561076
Hawkesbury R at Spencer,561065
Hawkesbury R at Patonga,561149
Blacktown Ck at Int.Peace Park,567109
Toongabbie Ck at Briens Rd,567074
Toongabbie Ck at  Redbank Rd,567056
Loyalty Rd Basin,567072
Darling Mills Ck at Nth Parramatta,567057
Parramatta R (Riverside Theatre),567112
Parramatta R at Marsden Weir,567107
Pendle Hill Creek at Toongabbie,567118
Georges R at Minto Heights,566082
Bow Bowing Ck at Redfern Rd,568145
Bunbury Curran Ck at Railway Pde,567088
Georges R at Liverpool Br,566054
Georges R at Scrivener St,566013
Prospect Ck at Smithfield Rd,567041
Orphan School Ck at Sackville Rd,567089
Prospect Ck at Lansdowne Br,567067
Cabramatta Ck at Orange Grove,567080
Georges R at Cutler Rd,566014
Georges R at Milperra,66168
Georges R U/S Kelso Ck Levee,567048
Georges R D/S Kelso Ck Levee,567060
Georges R at Picnic Point,566011
Bundeena,566085
Woronora Dam,68070
Woronora R at The Needles,566062
Woronora R at Woronora Br,566045
Cooks R at Canterbury Rd,566007
Cooks R at Tempe Br,566012
Eastern Ck at Great Western Hwy,567069
Shoalhaven R at Hillview,70335
Shoalhaven R at Fossickers Flat,68232
Kangaroo R at Hampden Br,68181
Shoalhaven R at Tallowa Dam,568157
Danjera Ck at Danjera Dam,568159
Danjera Ck U/S Dam,568196
Shoalhaven R at Grassy Gully,68233
Shoalhaven R at Nowra (AHD),68213
Shoalhaven R at Shoalhaven Heads,568195
Crookhaven R at Greenwell Pt,568180
Crookhaven R at Crookhaven Heads,568044
Lake Wollumboola,568183
Broughton Creek,568226
Currarong,568225
Crooked R at Gerroa,568179
Currambene Ck at Falls Ck,568173
Tomerong Ck at Hawken Rd (AHD),568202
St Georges Basin at Island Pt Rd,568200
Jervis Bay at HMAS Creswell,568194
Sussex Inlet at Sussex Rd Boat Ramp,568198
Lake Conjola,568182
Ulladulla Boat Harbour,569039
Millards Creek,569038
Burrill Lake,569037
Lake Tabourie,569036
Clyde R at Brooman,569018
HMAS Creswell(Jervis Bay),568194
Araluen Ck at Neringla Rd,569025
Deua R at Riverview,569041
Moruya R at Moruya,69130
Tuross R at Tuross Vale,569012
Wadbilliga R at Wadbilliga,569011
Tuross R D/S Wadbilliga Junct,569026
Tuross R at Eurobodalla,569015
Wagonga R at Barlows Bay,569031
Wallaga Lake at Regatta Pt,569032
Bermagui R at Boat Harbour,569033
Brogo Dam,569016
Brogo R at North Brogo,569023
Double Ck near Brogo,569027
Brogo R at Angledale,569008
Bemboka R at Morans Crossing,569013
Tantawangalo Ck at Candelo Damsite,569021
Bega R at Kanoona,569028
Bega River Entrance,569043
Bega R at Bega North,69120
Merimbula Lake at Wharf,569029
Pambula R at Lochiel,569014
Towamba R at Towamba,569017
Eden Boat Harbour,569040
Little Plains R at Wellesley,570018
Delegate R at Quidong,70309
Mclaughlin R at The Hut,570056
Snowy R at Burnt Hut Crossing,70008
Snowy R at Dalgety Weir,71019
Bombala R at Bombala,570020
Snowy R at Mckillops Br,84126
Frazers Ck at Glenorchy,554017
Frazers Ck at Westholme (Ashford),556010
Kings Ck at Gred,556025
Kings Ck at Newstead North,556036
Paradise Ck at Paradise Station,556035
Macintyre R at Wyoming,556037
Macintyre R at Little Valley,556014
Macintyre R at Elsmore Br,556011
Macintyre R at Riverstone,556039
Middle Ck at Stannifer,556038
Middle Ck at Ferndale,556013
Macintyre R at Inverell Middle Ck**,556008
Macintyre R at Tintot,554016
Macintyre River at Ridgelands,554002
Macintyre R at Yetman Br,554014
Macintyre R at Holdfast,54156
Ottleys Ck at Coolatai,554015
Deepwater R at Bolivia,556004
Mole R at Donaldson,556002
Tenterfield Ck at Clifton,556003
Dumaresq R at Farnbro,541053
Pike Ck D/S Glenlyon Dam,541052
Quart Pot Ck at Stanthorpe,541073
Dumaresq R at Roseneath,56158
Beardy R at Haystack,54146
Dumaresq R at Bonshaw,54155
Dumaresq R at Texas,41548
Brush Ck at Beebo,541066
Dumaresq R at Glenarbon Weir D/S,541067
Macintyre Bk at Barongarook,41491
Macintyre Bk at Terraine,41495
Coolmunda Dam HW,541033
Coolmunda Dam TW,41137
Macintyre Bk at Inglewood Weir,41520
Macintyre Bk at Booba Sands,41519
Dumaresq River at Bengalla,41506
Macintyre R at Boggabilla,53101
Macintyre R at Goondiwindi,41500
Macintyre R at Goondiwindi Weir,541030
Macintyre R at Terrewah,53109
Boomi R at Boomi Offtake,553024
Macintyre R at Boomi Weir,52084
Macintyre R at Kanowna,552012
Weir R at Giddi Giddi South,41112
Weir R at Surrey,42104
Weir R at Talwood,42108
Gil Gil Ck at Boolataroo,553027
Gil Gil Ck at Galloway,552019
Barwon R at Mungindi,52068
Moonie R at Fenton,42106
Moonie R at Gundablouie,548006
Gwydir R at Bundarra,556007
Copes Ck at Kimberley,556009
Gwydir R D/S Copeton Dam,556000
Gwydir R at Pinegrove,554007
Halls Ck at Bingara,554009
Myall Ck at Molroy,556018
Horton R at Horton Dam Site,554010
Horton R at Rider,554008
Gwydir R at Gravesend,54141
Gwydir R at Pallamallawa,553000
Gwydir R at Yarraman Br,553002
Mehi R at Chinook,553011
Mehi R at Moree,553001
Mehi R at Combadello Weir D/S,553016
Carole Ck at Garah,553019
Gwydir R at Millewa,552013
Tycannah Ck at Horseshoe Lagoon,553003
Moomin Ck at Glendello,553022
Moomin Ck at Clarendon Br,553023
Moomin Ck at Alma Bridge,552017
Moomin Ck at Moomin Plains,552004
Mehi R U/S Ballin Bora Ck,552006
Mehi R at Collarenebri,552001
Thalaba Ck at Belarre,552057
Peel R at Pearly Gates,555033
Peel R at Taroona,555009
Chaffey Dam,555012
Peel R D/S Chaffey Dam,555006
Peel R at Piallamore,55315
Peel R at Tamworth Water Supply,555008
Cockburn R at Mulla Crossing,55321
Cockburn R at Kootingal,555035
Peel R at Paradise Weir,556005
Goonoo Goonoo Ck at Goonoo Goonoo,55313
Goonoo Goonoo Ck at Medows Ln,555034
Peel R at Tamworth Br,55307
Peel R at Appleby,555016
Peel R at Bective,555018
Peel R at Carroll Gap,55284
Macdonald R at Woolbrook,559000
Macdonald R at Retreat,555026
Macdonald R at North Cuerindi,555003
Manilla R at Black Springs,554013
Ironbark Ck at Woodsreef,554006
Split Rock Dam,555002
Manilla R D/S Split Rock Dam,555011
Manilla R at Upper Manilla,555020
Manilla R at Brabri,55285
Manilla R at Manilla,55277
Warrah Ck at Old Warrah,555017
Yarraman Ck at Spring Ridge,555028
Mooki R at Caroona,555005
Mooki R at Breeza Station,55310
Mooki R at Ruvigne,555022
Bundella Ck at Bundella,555021
Bomera Ck at Bomera Creek,555019
Coxs Ck at Tambar Springs,555007
Coxs Ck at Boggabri,555013
Namoi R at Keepit Dam,555001
Namoi R D/S Keepit Dam,55305
Namoi R at Gunnedah,555000
Namoi R at Boggabri,555004
Maules Ck at Avoca East,555027
Namoi R at Turrawan (Wallah),554005
Narrabri Ck at Narrabri,54152
Bohena Ck at Bohena Creek,53098
Namoi R at Mollee Weir,553010
Namoi R D/S Mollee Weir,553006
Namoi R at Wee Waa (Glencoe),53105
Namoi R at Gunidgera Weir,553008
Namoi R D/S Gunidgera Weir,553007
Namoi R at Gunidgera Offtake,553009
Namoi R D/S Weeta Weir,553012
Brigalow Ck at Tharlane,553015
Namoi R at Bullawa,552025
Namoi R at D/S Duncans junction,552026
Namoi R at Bugilbone,552000
Namoi R at Goangra,552011
Pian Ck at Rossmore,552009
Pian Ck at Waminda,552005
Namoi R U/S Walgett,552022
Belar Ck at Warkton,564001
Castlereagh R at Coonabarabran,564005
Castlereagh R at Hidden Valley,564003
Castlereagh R at Binnaway,564006
Castlereagh R at Mendooran,564000
Castlereagh R at Lucas Br,551008
Castlereagh R at Gungalman,551020
Barwon R at Presbury Weir,548009
Barwon R at Mogil Mogil,548000
Barwon R at Collarenebri,48226
Barwon R at Tara (U/S Namoi Jct),548014
Barwon R at Walgett,552014
Barwon R at Boorooma,548015
Barwon R at Brewarrina,48214
Quart Pot Ck U/S Storm King Dam #,541083
Mountain Station Ck at Mt Stat Ck #,541082
Quart Pot Ck at Storm King Dam HW #,541081
Quart Pot Ck at Dalcouth Road #,541085
Quart Pot Ck at Granite Street #,541086
Quart Pot Ck at Stanthorpe #,541087
Quart Pot Ck at Stanthorpe *,541073
4 Mile Ck at Glen Niven Dam TM*,541189
Broadwater Creek #,541088
Broadwater Creek *,541028
Severn R at Ballandean *,541032
Severn R at Ballandean #,541089
Accommodation Ck at Ballandean *,541076
Accommodation Ck at Ballandean #,541090
Dumaresq R at Farnbro *,541053
Pike Ck at Glenlyon Dam TW *,541052
Dumaresq R at Texas *,41548
Oaky Ck at Texas *,541065
Brush Ck at Beebo *,541066
Dumaresq R at Glenarbon Weir D/S*,541067
Macintyre Bk at Barongarook *,41491
Macintyre Bk at Barongarook #,541112
Chain of Ponds Ck at Artunga #,541110
Bracker Ck at Terraine *,41495
Bracker Ck at Terraine #,541111
Macintyre Bk at Coolmunda Dam HW *,541033
Macintyre Bk at Coolmunda Dam TW *,41137
Macintyre Bk at Coolmunda Dam TW #,541109
Canning Ck at Woodspring #,541108
Macintyre Bk at Inglewood Br #,541107
Macintyre Bk at Inglewood Weir *,41520
Macintyre R at Whetstone Weir *,541094
Macintyre Bk at Ben Dor Weir *,541095
Macintyre Bk at Booba Sands *,41519
Dumaresq R at Bengalla *,41506
Macintyre R at New Kildonan *,41507
Macintyre R at Goondiwindi *,41500
Macintyre R at Goondiwindi Weir *,541030
Callandoon Ck at Carana Weir *,541070
Callandoon Ck at Oonavale*,541072
Weir R at O'Connor *,41508
Weir R at Retreat Br *,41485
Weir R at Gunn Br *,542004
Wyaga Ck at Kilbronae *,41124
Yarrill Ck at Medpark Br *,41489
Weir R at Giddi Giddi South *,41112
Weir R at Surrey *,42104
Weir R at Talwood *,42108
Weir R at Jericho *,542005
Weir R at Mascot *,542007
Moonie R at Flinton*(Downstream),542006
Moonie R at Mt Driven *,542035
Moonie R at Nindigully *,42105
Moonie R at Fenton *,42106
Macquarie R at White Rock,563080
Queen Charlottes Ck-Georges Plains,563061
Macquarie R at Bathurst,63287
Orange (Kyte St),563049
Orange (Dalton St Bridge),563081
Macquarie R Upstream STP,563093
Macquarie R Downstream STP,563092
Macquarie R at Rocks Forest,563096
Macquarie R at Yarracoona,563090
Turon R at Sofala,563016
Cudgegong R at Windamere Dam,62093
Cudgegong R D/S Windamere Dam,562007
Cudgegong R at Rocky Waterhole,562002
Cudgegong R at Wilbertree Rd,562003
Cudgegong R at Yamble Bridge,562005
Macquarie R D/S Burrendong Dam,562000
Molong Ck D/S Borenore Ck,563005
Bell R at Molong,563017
Bell R at Neurea,562004
Bell R at Gowan Green,565018
Bell R at Wellington,562006
Little R at Obley,565005
Macquarie R at Wellington Br,565002
Macquarie R at Geurie,65090
Macquarie R at Dubbo,565001
Talbragar R at Elong Elong,564002
Talbragar R at Gulambula Bridge,565020
Talbragar R at Dunedoo,564007
Coolbaggie Ck at Rawsonville,565009
Macquarie R at Baroona,551007
Macquarie R at Gin Gin Weir,551003
Macquarie R at Narromine,551000
Macquarie R D/S Warren Weir,551009
Macquarie R at Warren Town,51145
Gunningbar Ck at Gunningbar Reg D/S,51130
Marebone Ck at Marebone Break,551005
Macquarie R D/S Marebone,551006
Gum Cowal Ck at Bifurcation,551015
Macquarie R at Oxley,51146
Macquarie R at Pilligawarrina,541027
Macquarie R at Miltara,551012
Macquarie R at Carinda,51142
Marthaguy Ck at Carinda,51141
Bogan R at Peak Hill,550001
Bogan R at Dandaloo,551002
Bogan R at Mudall,51155
Bogan R at Neurie Plains,551004
Bogan R at Nyngan,51156
Duck Ck at Napali,551016
Bogan R at Monkey Br,550005
Bogan R at Gongolgon,548010
Lachlan R at Narrawa,70333
Abercrombie R at Hadley No2,563018
Wyangala Dam,63267
Lachlan R d/s Wyangala Dam,563145
Boorowa R at Prossers Crossing,573005
Flyers Ck at Beneree,563087
Belubula R d/s Carcoar Dam,563146
Belubula R at The Needles,563014
Belubula R u/s Canowindra,565013
Belubula R at Helensholme,565006
Mandagery Ck at Toogong,65084
Mandagery Ck at Eugowra Smithfield,65095
Lachlan R at Cowra,63278
Lachlan R at Nanami,565007
Lachlan R at Mulyandry Ck,565010
Lachlan R at Forbes Iron Bridge,65088
Lachlan R at Cottons Weir,565003
Lachlan R at Jemalong Weir,565008
Lachlan R d/s Jemalong Weir,565000
Wallamundry Ck at Island Ck Offtake,550006
Wattle Ck at Dudauman,573013
Island Ck at Fairholme,550004
Goobang Ck at Condobolin,550003
Lachlan R at Condobolin,550000
Lachlan R at Lake Cargelligo,575006
Willandra Ck at Road Bridge,549007
Lachlan R at Willandra Weir,549003
Lachlan R at Hillston Weir,575013
Lachlan R at Whealbah,575005
Merrimajeel Ck u/s Blockbank,549008
Lachlan R at Booligal Weir,75171
Lachlan R at Corrong,549002
Queanbeyan R at Googong Dam,570029
Queanbeyan R at Wickerslack,570983
Queanbeyan R at ACT Border,570001
Molonglo R at Carwoola,570986
Molonglo R at Burbong,570012
Molonglo R at Oaks Estate,570943
Woolshed Creek U/S Fairbairne,570074
Molonglo R at Dairy Flat,570046
Jerrabomberra Ck at Hindmarsh,570045
Sullivan Ck at Southwell,570772
Sullivan Ck at Barry Drive,570775
Lake Burley Griffin at Dam,570016
Molonglo R at Coppins Crossing,570007
Molonglo R below Yarralumla Creek,570071
Molonglo R at Sturt Island,570741
Cooma Ck at Koolaroo,570035
Cooma Back Ck at SMEC,570031
Numeralla R at Numeralla,570038
Alum Ck at Jones Plain Road,570061
Murrumbidgee R at Mittagang Cross.,570019
Murrumbidgee R at Billilingra,570011
Bredbo R at Bredbo Station,570060
Micaligo Ck at Michelago,570059
Gudgenby R at Tennent,570015
Murrumbidgee R at Lobbs Hole,570003
Tuggeranong Ck at Weir,570771
Tuggeranong Ck u/s of Sewer,570779
Cotter R at Cotter Dam,570010
Cotter R at Cotter Kiosk,570008
Murrumbidgee R at Mt Macdonald,570017
Ginninderra Ck U/S Barton Hwy,570751
Ginninderra Ck U/S Charn. Rd,570750
Murrumbidgee R at Halls,570777
Yass R U/S Macks Reef Rd,570040
Yass R at Gundaroo,570075
Yass R at Yass,570009
Yass R u/s Burrinjuck Dam,570039
Goodradigbee R at Wee Jasper,573006
Murrumbidgee R D/S Burrinjuck Dam,73131
Blowering Dam,72153
Tumut R at Oddys Bridge,72145
Goobarragandra R at Lacmalac,572011
Tumut R at Tumut,572014
Tumut R at Brungle Bridge,573002
Murrumbidgee R at Glendale,573010
Murrumbidgee R at Gobarralong,573014
Adjungbilly R at Darbalara,573003
Jindalee Ck at Jindalee,573009
Jugiong Ck at Jugiong Creek,573007
Muttama Ck at Berthong Rd,573017
Muttama Ck at Coolac,573004
Murrumbidgee R at Gundagai,73132
Adelong Ck at Batlow Road,572009
Hillas Ck at Mt Adrah,572007
Murrumbidgee R at Eringoarrah,573001
Tarcutta Ck at Westbrook,572033
Tarcutta Ck at Belmore Bridge,572010
Tarcutta Ck at Old Borambola,572012
Kyeamba Ck at Book Book,572008
Kyeamba Ck at Ladysmith,572025
Murrumbidgee R at Wagga Wagga,573000
Mirrool Ck at Barellan Rd,574041
Mirrool Ck at East Mirrool Reg,575019
Beavers Ck at Mundowey,574036
Murrumbidgee R at Berembed Weir,574019
Murrumbidgee R at Narrandera,574020
Murrumbidgee R at Gogeldrie Weir,74216
Murrumbidgee R at Darlington Point,575011
Murrumbidgee R at Carrathool,75170
Murrumbidgee R at Hay Town,575010
Murrumbidgee R D/S Hay Weir,575004
Murrumbidgee R at Maude Weir,575008
Murrumbidgee R D/S Maude Weir,575012
Murrumbidgee R at Redbank Weir,549011
Murrumbidgee R D/S Redbank Weir,575009
Murrumbidgee R D/S Balranald Weir,549001
Yanco Ck at Yanco Offtake,574021
Murrumbidgee R D/S Yanco Weir,574022
Yanco Ck at Yanco Br,574039
Yanco Ck at Morundah,574016
Colombo Ck at Morundah,574017
Billabong Ck at Walbundrie,574015
Billabong Ck at Jerilderie,574014
Billabong Ck at Conargo,574007
Forest Ck at Warriston Weir,574037
Billabong Ck at Darlot,575007
Niemur R at Mallan School,575016
Maragle Ck at Maragle,572023
Tumbarumba Ck at Tumbarumba,572019
Tumbarumba Ck at Bakers,572035
Mannus Ck at Glenroy No.2,572038
Mannus Ck at Yarramundi,572024
Mannus Ck at Tooma,572022
Welumba Ck at The Square,572034
Tooma R at Pinegrove,572005
Jingellic Ck at Jingellic,572006
Murray R at Jingellic,72156
Gibbo Ck at Gibbo Park,582016
Murray R at Hume Dam,572001
Murray R at Heywoods,572002
Murray R at Albury,572000
Murray R at Howlong,574034
Murray R at Corowa,582003
Ovens R at Wangaratta,582033
Murray R D/S Yarrawonga Weir,74246
Murray R at Tocumwal,574004
Murray R at Gulpa,574025
Murray R at Barmah,574001
Goulburn R at Shepparton,81044
Goulburn R at Mc Coys Br,580000
Murray R at Echuca Wharf,574000
Campaspe R at Roch. Syphon,580010
Murray R at Pianta Road,580015
Murray R at Torrumbarry,574003
Murray R at Barham,575000
Little Merran Ck at Franklings,575015
Edward R at Offtake,574026
Gulpa Ck at Offtake,574033
Edward R at Toonalook,574012
Tuppal Ck at Aratula Rd,574008
Mulwala Canal at Edward River Esc.,574006
Edward R at Deniliquin,574010
Wakool R at Offtake Reg.,574027
Edward R D/S Stevens Weir,574024
Wakool R at Main Canal Offtake,574029
Colligen Ck Below Regulator,574031
Edward R at Moulamein,575001
Edward R at Liewah,575003
Wakool R at Stoney Crossing,575002
Murray R at Wakool Junction,76120
Murray R at Boundary Bend,76135
Murray R D/S Euston Weir**,49115
Murray R at Colignan,576000
Murray R U/S Mildura Weir,76124
Murray R D/S Mildura Weir,547000
Murray R at Wentworth Lock 10,47100
Balonne R at Jack Taylor Weir,543004
Culgoa R at Whyenbah,544018
Culgoa R at Woolerbilla,544023
Narran R at Dirranbandi,544012
Narran R at New Angledool No 2 **,48223
Ballandool R at Ballandool,544013
Bokhara R at Hebel,544016
Bokhara R at Goodooga,48215
Bokhara R at Goodwins,548012
Birrie R at Goodooga,548011
Culgoa R at Brenda,48212
Culgoa R at Weilmoringle,48230
Culgoa R at Mundiwa,548007
Culgoa R at Kenebree,48052
Warrego R at Wyandra,544014
Warrego R at Cunnamulla,544019
Warrego R at Barringun No 2**,548003
Warrego R at Fords Br,548001
Warrego R at Fords Br Bywash,548002
Cuttaburra Channel at Turra,548017
Paroo R at Eulo,44153
Paroo R at Caiwarro,544015
Paroo R at Hungerford,44181
Paroo R at Willara Crossing,548008
Bulloo River at Thargomindah,45045
Barwon R at Geera (D/S Macquarie R),551019
Darling R at Warraweena,548013
Darling R at Bourke,548004
Darling R at Louth,548005
Darling R at Tilpa,48213
Darling R at Wilcannia,546010
Talyawalka Crk at Barrier Hwy,546000
Darling R at Menindee Town,47101
Darling R at Menindee Weir 32,547001
Darling R at Pooncarie,47103
Darling R at Burtundy,547015
Mitchell R at Glenaladale,85270
Mitchell R at Rosehill,84147
Mitchell R at Bairnsdale,84146
Tambo R at Swifts Ck,584006
Timbarra R DS Wilkinson Ck,584008
Tambo R at D/S Ramrod Ck,584014
Tambo R at Batterns Landing,584022
Nicholson R DS Pumphouse,584023
Suggan Buggan R at Suggan Buggan,584003
Snowy R at McKillops Bridge,84126
Snowy R at Basin Ck,84109
Buchan R at Buchan,584020
Snowy R at Jarrahmond,584004
Snowy R at Orbost,584011
Brodribb R at Sardine Ck,584027
Bemm R at Princes Highway,584026
Bemm R U/S of Pumphouse,584028
Cann R at Chandlers Ck,84128
Cann R at Weeragua,84127
Cann R U/S Cann R Offtake,584029
Genoa R at Wangarabell,584030
Genoa R at The Gorge,584007
Hollands Landing,585058
Loch Sport Marina,585059
McMillan Strait at Paynesville,584018
Metung Marina,584021
Cunningham Arm at Bullock Island,584019
Lakes Entrance Breakwater,584025
Moe R at Trafalgar East,585010
Narracan Ck at Thorpdale,585079
Narracan Ck at Moe,585011
Tanjil R at Tanjil Junction,85266
Tanjil R at Tanjil South,585029
Latrobe R at Yallourn PS (L5),85187
Morwell R at Boolarra,585017
Morwell R at Morwell Pumphouse,585192
Latrobe R at Thoms Bridge,585245
Latrobe R at Rosedale,585031
Latrobe R at Rosedale (Anabranch),585060
Latrobe R at Kilmany South,585039
Traralgon Ck at Koornalla,85281
Traralgon Ck at Traralgon South,585014
Traralgon Ck at Traralgon,585013
Thomson R at The Narrows,585020
Aberfeldy R at Beardmore,585005
Thomson R at Coopers Creek,585236
Thomson R at U/S Cowwarr Weir,585022
Thomson R at Heyfield,585026
Rainbow Ck at Heyfield,585028
Thomson R at Wandocka,585027
Thomson R at Bundulaguah,585038
Flooding Ck at Sale Wharf,85272
Macalister R at Glencairn,585003
Macalister R at Licola,585004
Macalister R at D/S Stringybark Ck,585032
Glenmaggie Ck at The Gorge,585021
Macalister R at Lake Glenmaggie HG,585237
Macalister R at D/S Lake Glenmaggie,585235
Avon R at The Channel,85276
Freestone Ck at Briagolong,585034
Avon R at Stratford,585025
Bellview Ck U/S Bellview Reservoir,586270
Ruby Creek @ Arawata,585072
Coalition Creek,586269
Little Bass R @ Poowong,586272
Tarwin R @ Meeniyan,585066
Powlett R D/S Foster Ck Junction,586271
Powlett R Mouth of Powlett Rd,586273
Stony Creek @ Meeniyan,585073
Tarra R at Tarra Weir Offtake,585067
Tarra R at Yarram,585018
Merriman Ck at Seaspray (Offtake),585046
Merriman Ck at Stradbroke West,585047
Lerderderg R at Sardine Ck,587525
Lerderderg R at U/S Goodman Ck,587022
Werribee R at Melton Res D/S,87040
Toolern Ck at Melton South,587043
Werribee R at Werribee Cottrell St,587070
Deep Ck at Konagaderra,587055
Deep Ck at Bulla,587024
Jacksons Ck at Sunbury,587116
Maribyrnong R at Keilor,586122
Maribyrnong R at Maribyrnong,587015
Stony Ck at Spotswood,587052
Yarra R at Millgrove,586801
Little Yarra R at Yarra Junction,586078
Watts R at Healesville,586064
Yarra R at Yarra Grange,586044
Yarra R at Yarra Glen,586113
Olinda Ck at Mt Evelyn,586202
Olinda Ck at Lilydale,586221
Brushy Ck at Mooroolbark,586220
Mullum Mullum Ck at Doncaster East,586185
Arthurs Ck at Nutfield,586152
Diamond Ck at Hurstbridge,586151
Diamond Ck at Eltham,586067
Yarra R at Fitzimons Lane,586050
Plenty R at Mernda,586149
Plenty R at Greensborough,586212
Plenty River at Lower Plenty,586171
Koonung Ck at Bulleen,586191
Darebin Ck at Epping,586148
Darebin Ck at Bundoora,586172
Darebin Ck at Bell St Ivanhoe,586214
Merri Ck at Craigeburn,586211
Merri Ck at Cooper St,586030
Merlynston Ck at Fawkner Cemetry,586167
Moonee Ponds Ck at Jacana,586200
Merri Ck at Bell St,586012
Merri Ck at St Georges Rd,586080
Yarra R at Johnston St,586177
Yarra R at Hawthorn,586216
Gardiners Ck at Kinkora Rd,586162
Eley Rd East Drain at Eley Rd,586159
Gardiners Ck at Blackburn Lake,586195
Scotchmans Ck at Huntingdale Rd,586160
Scotchmans Ck at Waverley Rd,586194
Gardiners Ck at Ashwood,586192
Gardiners Ck at Gardiners,586052
Edgars Ck at Edwardes Lake,586213
Elsternwick Main Drain,586181
St Kilda Marina,586166
Bangalook Ck at Montrose,586095
Dandenong Ck at the Basin,586086
Dandenong Ck at Heathmont,586179
Blind Ck at Knox,586085
Blind Ck at Wantirna south,586100
Dandenong Ck at Rowville,586084
Mile Ck at Springvale West,586088
Dandenong Ck at Hammond Rd,586092
Dandenong Ck at Greens Rd,586207
Mile Ck at Keysborough,586206
Eumemmering Ck at Narre Warren Nth,586257
Hallam Valley at Hampton Park,586096
Eumemmering Ck at Lyndhurst,586114
Dunlops Rd Drain at Braeside,586099
Patterson R at Whalers Cove,586204
Kananook Ck at Seaford,586250
Bunyip R d/s Headworks,586094
Tonimbuk,586081
Tarago R at Neerim South,585035
Bunyip R at Longwarry North,585045
Iona,586071
Bunyip R at Cora Lynn Ford,586209
Bunyip R Kooweerup,586198
Lang Lang R at Yannathan,586124
Deep Ck at Pakenham,586130
Kennedy Ck at Pakenham,586245
Toomuc Ck at Pakenham,586082
Gumscrub Ck at Officer,586097
Cardinia Ck at Cardinia,586093
Barwon R at Inverleigh,589003
Warrambine Ck at Warrambine,89084
Barwon R at Pollocksford,87162
Barwon R at Geelong,587026
Cheetham Salt Works,587068
Hovells Ck at Lara,587035
Moorabool R at Lal Lal,87068
Moorabool R at Morrisons,87016
Moorabool R at Batesford,587028
Leigh R at Mt Mercer,89104
Leigh R at Shelford (Town Bridge),589001
Merri R at Woodford,590003
Mt Emu Ck at Mena Park,589008
Mt Emu Ck at Guthries Bridge,589010
Mt Emu Ck at Skipton,589007
Hopkins R at Ararat,589009
Hopkins R at Wickliffe,589006
Hopkins R at Framlingham,590012
Curdies R at Peterborough,590014
Curdies R at Curdie,590015
Moyne R at Toolong,590009
Moyne R at Willatook,590022
Moyne R at Gipps St Bridge,590017
Murray Brook at Lenehans Road,590021
Darlot Ck at Homerton,590004
Glenelg R at Harrow,579028
Glenelg R at Fulham Bridge,79108
Glenelg R at Dergholm,90142
Wando River at Wando Vale,590013
Glenelg R at Casterton,590002
Glenelg R at Sandford,590005
Wimmera R at Glynwylln,579009
Concongella Ck at Stawell,579008
Wimmera R at Glenorchy,579001
Fyans Ck at Fyans Ck,579007
Mt. William Ck at Lake Lonsdale D/S,579002
Yarriambiack Ck at Wimmera,579018
Wimmera R at Drung Drung,579014
Burnt Ck at Wonwondah East,579011
Wimmera R at Walmer,579000
Mackenzie R at Mckenzie Ck,579017
Wimmera R at Quantong Bridge,579013
Natimuk Ck at McNeils Bridge,579026
Wimmera R US Dimboola,578004
Wimmera R at Lochiel,578005
Richardson R U/S Rich Avon Weir,578003
Richardson R at Banyena,579029
Richardson R at Carrs Plains,579021
Avon R at Wimmera HWY,579012
Richardson R U/S Donald,578006
Donald Town (Richardson River),578007
Murray R at Euston D/S,49115
Murray R at Swan Hill,76112
Murray R at Mildura HG,76124
Murray R at Mildura D/S,547000
Murray R at Wentworth D/S,47100
Campaspe R at Redesdale,588006
Campaspe R at Lake Eppalock D/S,581007
Axe Ck at Strathfieldsaye,581018
Wild Duck Ck U/S Heathcote,588029
Campaspe R at Barnadown,581002
Mt. Pleasant Ck at Runnymede,581017
Campaspe R at Rochester Town,580011
Campaspe R at Rochester Syphon,580010
Loddon R at Vaughan,588010
Jim Crow Ck at Yandoit,588011
Muckleford Ck at Muckleford,588018
Loddon R at Newstead,588004
Joyces Ck at Strathlea,588005
Middle Creek at Rodborough,588030
Loddon R at Cairn Curran D/S,588000
Creswick Creek at Clunes,588024
Birch Creek at Smeaton,588027
Tullaroop Ck at Clunes,588013
Tullaroop Ck at Tullaroop Res HG,588016
Tullaroop Res (Outlet),588012
McCallums Ck  R at Carisbrook,588014
Bet Bet Ck at Bet Bet,581012
Loddon R D/S Laanecoorie,581004
Loddon R at Serpentine Weir,580012
Loddon R at Loddon Weir,580009
Loddon R at Appin South,580002
Loddon R at MV Hwy Br (Kerang),580001
Mt Hope Ck at Mitamo,580008
Avoca R at Ampitheatre,581028
Avoca R at Archdale Junction,81127
Avoca R at Logan,581036
Avoca R at Yawong Weir,578000
Avoca R at Charlton Town,80106
Avoca R at Charlton D/S,578001
Avoca R at Quambatook,577000
Murray R at Echuca,574000
Murray R at Torrumbarry Weir,574003
Goulburn R at Lake Eildon D/S,588125
Rubicon  R at Rubicon,588009
Acheron R at Taggerty,88119
Home Ck at Yarck,588002
Yea R at Devlins Bridge,88125
Yea R at Yea,588020
Goulburn R at Ghin Ghin,88078
King Parrot Ck at Flowerdale,588129
Goulburn R at Trawool,588007
Sunday Ck at Tallarook,588126
Mollison Ck at Pyalong,88064
Sugarloaf Ck at Ash Bridge,588001
Goulburn R at Seymour,88126
Whiteheads Ck at Seymour,588021
Hughes Ck at Tarcombe Road,588128
Major Ck at Graytown,588008
Goulburn R at Goulburn Weir HG,581013
Goulburn R D/S Goulburn Weir,581009
Goulburn R at Murchison,581001
Pranjip Ck at Moorilim,581010
Goulburn R at Arcadia Downs,581022
Seven Cks at Strathbogie,82151
Seven Cks at D/S Polly McQuinns,82154
Seven Cks at Galls Gap,82150
Seven Cks at Euroa,582017
Seven Cks at Kialla West,581016
Castle Ck at Telford Bridge,82149
Castle Ck at Arcadia,581011
Honeysuckle Ck at Violet Town,82084
Stony Ck at Tamleugh,581014
Broken R at D/S Bridge Ck,583006
Broken R D/S Back Ck Junction,582000
Broken R at Broken Weir,582023
Holland Ck at Wrightley,82155
Ryans Ck at Loombah Head Gauge,582030
Holland Ck at Kelfeera,582001
Broken R at Benalla,581006
Broken R at Caseys Weir,581000
Broken R at Gowangardie Weir,581019
Broken R at Orrvale,581015
Broken Ck at School Road,581033
Boosey Ck at Tungamah,581023
Broken Ck at Katamatite,580017
Broken Ck at Numurkah (Melville St),580020
Nine Mile Ck at Sellicks Rd,580024
Broken Ck at Larissa Rd,580021
Muckatah Ck at Katamatite East,580022
Muckatah Ck at Nahring Hall Rd,580023
Broken Ck at Walshes Bridge,580019
Broken ck at Nathalia,580018
Murray R at Yarrawonga,74246
Murray R at Cobram,580007
Manus Ck at Tooma,572022
Tumbarumba Ck at Tumba2,572019
Cudgewa Ck at Berringama,582009
Cudgewa Ck at Cudgewa North,582028
Big R at Joker Creek,583004
Mitta Mitta R at Hinnomunjie,583005
Gibbo R at Gibbo Park,582016
Lake Dartmouth HG,582008
Mitta Mitta R at Colemans,582010
Snowy Ck at Granite Flat,582018
Mitta Mitta R at Tallandoon,82106
Tallangatta Ck at McCallums,582022
Kiewa R at Mongans Bridge,582012
Kiewa R at Kiewa (Mainbranch),582011
Kiewa R at Kiewa (Anabranch),582007
Yackandandah Ck at Osbornes Flat,582020
Kiewa R at Bandiana,582013
Ovens R at Harrietville,83001
Ovens R at Bright,583148
Buckland R at Upper Buckland,83058
Buckland R at Harris Lane,583003
Ovens R at Eurobin,82112
Happy Valley Ck at Rosewhite,82162
Ovens R at Myrtleford,582027
Buffalo R at Abbeyard,83018
Rose R at Matong North,583000
Dandongadale R at Matong North,583011
Buffalo R D/S Rose R Junction,583009
Lake Buffalo HG,583150
Buffalo R at Lake Buffalo D/S,583007
Ovens R at Rocky Point,582014
Ovens R at Peechelba East,582021
King R at L. William Hovell D/S,583002
King R at Cheshunt,82105
King R at Edi,582005
Boggy Ck at Angleside,82116
King R at Docker Road,582004
Hurdle Ck at Bobinwarrah,82128
Fifteen Mile Ck at Greta South,582002
Fifteen Mile Ck at Glenrowan,82108
Nerang R at Hinze Dam #,40847
Nerang R at Hinze Dam *,540610
Nerang R at Clearview #,40846
Nerang R at Clearview *,40416
Nerang R at Carrara #,540319
Mudgeeraba Ck at Neranwood C'way#,540440
Mudgeeraba Ck at Springbrook Rd *,540399
Bonogin Ck at Hardys Rd #,540453
Mudgeeraba Ck at Mudgeeraba #,540254
Worongary Ck at Worongary #,540597
Boobegan Ck Lock #,540253
Nerang R at Evandale #,540318
Biggera Ck Dam #,540360
Loder Ck Dam #,540359
Loder Ck #,540238
Nerang R at Air Sea Rescue #,40881
Southport Spit Tide *,40987
Burleigh Waters at Miami Lake #,40981
Lake Orr at Burleigh Waters #,540564
Lake Orr TW at Burleigh Waters #,540565
Tallebudgera Ck at Dam #,540366
Tallebudgera Ck at Robinson Pk #,540356
Tallebudgera Ck at Robinson Pk *,540355
Tallebudgera Ck at Coplicks Br #,540320
Oyster Ck at Township Dr #,540252
Tallebudgera Ck at Mouth #,540577
Currumbin Ck at Nicolls Br #,540070
Currumbin Ck at Nicolls Br *,540368
Coomera R at Canungra Army #,540290
Coomera R at Canungra Army *,540228
Back Ck at Beechmont *,540230
Coomera R at Clagiraba Rd #,540291
Coomera R at Oxenford Weir #,540292
Saltwater Ck at Monterey Keys #,540269
Coomera R at Coomera Shores #,540293
Coombabah Ck at Gold Coast Hwy #,540673
Pimpama R at Norwell #,540408
Hotham Ck at Pimpama #,540376
Pimpama R at Kerkin Rd Weir #,540294
Albert R at Darlington School #,540796
Albert R at Lumeah #,40936
Albert R at Lumeah *,540303
Cainbable Ck at Dam Site *,540375
Nindooinbah Dam #,540480
Nindooinbah Dam *,540614
Canungra Ck at Double Xing Rd #,540715
Canungra Ck at Benobble #,40937
Canungra Ck at Benobble *,540073
Albert R at Bromfleet #,40938
Albert R at Bromfleet *,40738
Albert R at Tamborine #,540691
Cedar Ck at Plunkett Rd #,540790
Windaroo Ck at Bahrs Scrub #,540598
Albert R at Beenleigh #,540644
Burnett Ck at Maroon Dam Inflow *,540407
Burnett Ck at Maroon Dam HW #,540475
Burnett Ck at Maroon Dam *,540229
Burnett Ck at Maroon Dam TW *,540591
Logan R at Forest Home *,40832
Palen Ck at Ward Road *,540436
Logan R at Rathdowney #,40946
Logan R at Rathdowney *,40754
Running Ck at Dieckmans Br #,40943
Running Ck at Dieckmans Br *,540074
Christmas Ck at Rudds Lane #,40944
Christmas Ck at Tramway Lane *,540402
Cannon Ck at Kooralbyn Bridge #,540714
Logan R at Round Mountain #,40945
Logan R at Round Mountain *,40714
Logan R at Bromelton Weir HW *,540270
Logan R at Bromelton Weir TW *,540271
Logan R at Beaudesert #,40939
Teviot Bk at Croftby #,40947
Teviot Bk at Croftby *,40841
Teviot Bk at Harpers Crossing #,540713
Teviot Bk at Boonah #,40949
Teviot Bk at Coulson Crossing #,540510
Teviot Bk at Coulson *,540509
Teviot Bk at Wyaralong Dam *,540615
Teviot Bk at Wyaralong Dam #,540512
Logan R at Cedar Grove Weir HW *,540590
Logan R at Yarrahappini #,40940
Logan R at Yarrahappini *,40762
Henderson Ck at Cusack Ln #,540725
Logan R at South Maclean *,540214
Flagstone Ck at Teviot Rd #,540689
Logan R at Maclean Br #,40935
Logan R at Logan Village #,540596
Quinzeh Ck at Pineview Rd #,540726
Quinzeh Ck at Miller Rd #,540688
Chambers Ck at Chambers Flat #,540788
Schmidts Ck at Bayes Rd #,540674
Schmidts Ck at Schmidts Rd #,540675
Logan R at Waterford #,40878
Slacks Ck at Reserve Park #,540079
Scrubby Ck at Waller Rd #,540692
Scrubby Ck at First Ave Marsden #,540078
Scrubby Ck @ Kurrajong Dr*,540737
Slacks Ck at Loganlea Rd #,540091
Logan R at Parklands #,540645
Logan R at Riedel Rd Carbrook #,540236
Tingalpa Ck at L Harrison Dam #,540384
Tingalpa Ck at L Harrison Dam *,540611
Moreton Bay at Couran Point #,540576
Stanley R at Woodford *,540485
Kilcoy Ck d/s Mt Kilcoy Weir *,540373
Stanley R at Somerset Dam HW #,540160
Stanley R at Somerset Dam HW *,40820
Cooyar Ck at Cooyar-Kooralgin Rd *,540769
Yarraman Ck at Emmert St *,540768
Cooyar Ck at Cooyar Ck *,540044
Cooyar Ck at Cooyar Ck #,540146
Brisbane R at Linville #,540261
Brisbane R at Linville *,540040
Brisbane R at Devon Hills #,540188
Emu Ck at Boat Mountain #,540141
Emu Ck at Boat Mountain *,540045
Maronghi Ck at Glendale *,540446
Brisbane R at Gregor Ck-1 #,540139
Brisbane R at Gregor Ck-2 #,540140
Brisbane R at Gregor Ck *,40822
Cressbrook Ck at Cressbrook Dam #,540142
Cressbrook Ck at Rosentreters Br #,540148
Cressbrook Ck at Rosentreters Br *,40823
Reedy Ck at Mt Byron *,540560
Esk Ck at Falls Rd *,540441
Brisbane R at Wivenhoe Dam HW #,540177
Brisbane R at Wivenhoe Dam HW *,540049
Brisbane R at Wivenhoe Dam TW #,540178
Brisbane R at Wivenhoe Dam TW *,540069
Murphys Ck at Spring Bluff *,540507
Murphys Ck at Spring Bluff #,540527
Lockyer Ck at Upper Lockyer #,540566
Lockyer Ck at Helidon #,540143
Lockyer Ck at Helidon *,40829
Flagstone Ck at Lilydale *,540405
Flagstone Ck at Lilydale #,540517
Sandy Ck at Sandy Creek Road #,540386
Ma Ma Ck at Harms #,540518
Ma Ma Ck at Harms *,540406
Tenthill Ck at Tenthill #,540152
Tenthill Ck at Tenthill *,540067
Lockyer Ck at Gatton #,540156
Lockyer Ck at Gatton *,540363
Sandy Ck at Moon Rd #,540567
Sandy Ck at Whiteway Rd Overflow #,540719
Sandy Ck at Whiteway Rd #,540720
Laidley Ck at Thornton (School Rd)#,540789
Laidley Ck at Mulgowie #,540528
Laidley Ck at Mulgowie *,40835
Laidley Anab at Mulgowie Rd #,540723
Laidley Anab at McGarrigal Rd #,540722
Laidley Ck at Narda Lagoon #,540721
Laidley Ck at Showground Weir #,540158
Laidley Ck at Showground Weir *,540047
Bill Gunn Dam #,540472
Bill Gunn Dam *,540563
Laidley Ck at Warrego Hwy #,540529
Laidley Ck at Warrego Hwy *,540050
Lake Clarendon Dam #,540473
Lake Clarendon Dam *,540546
Lockyer Ck at Glenore Grove #,540149
Lockyer Ck at Rifle Range Rd #,540544
Lockyer Ck at Rifle Range Rd *,40817
Buaraba Ck at Atkinson Dam #,540479
Buaraba Ck at Atkinson Dam *,540547
Lockyer Ck at Clarendon *,540701
Brisbane R at Lowood Pump Stn #,540183
Brisbane R at Lowood #,540182
Brisbane R at Savages Crossing #,540150
Brisbane R at Savages Crossing *,540066
Black Snake Ck at Marburg #,540312
Cabbage Tree Ck at L Manchester #,540028
Cabbage Tree Ck at L Manchester *,540606
Brisbane R at Kholo Br #,540256
Brisbane R at Mt Crosby #,540199
Brisbane R at Mt Crosby *,40818
Bremer R at Adams Br #,540157
Bremer R at Adams Br *,540068
Bremer R at Lower Mt Walker #,540574
Bremer R at Spressers Br #,540314
Western Ck at Grandchester #,540064
Western Ck at Kuss Rd #,540194
Western Ck at Kuss Rd *,540583
Western Ck at Rosewood WWTP #,540313
Bremer R at Rosewood #,540388
Bremer R at Seven Mile Br #,540669
Bremer R at Five Mile Br #,540147
Bremer R at Walloon *,540081
Bremer R at Walloon #,540504
Bremer R at Three Mile Br #,40838
Reynolds Ck at Moogerah Dam HW #,540474
Reynolds Ck at Moogerah Dam TW *,540513
Warrill Ck at Toohills Crossing #,540549
Warrill Ck at Toohills Crossing *,540365
Warrill Ck at Kalbar Weir HW #,540151
Warrill Ck at Kalbar Weir HW *,540058
Warrill Ck at Kalbar Weir TW *,540057
Warrill Ck at Harrisville-1 #,540154
Warrill Ck at Harrisville-2 #,540387
Warrill Ck at Churchbank Weir #,540316
Warrill Ck at Churchbank Weir *,540217
Warrill Ck at Greens Rd Amberley #,540180
Warrill Ck at Amberley DNRM #,540505
Warrill Ck at Amberley DNRM *,40816
Purga Ck at Peak Crossing #,540065
Purga Ck at Loamside #,540062
Purga Ck at Loamside *,540210
Bremer R at Berrys Lagoon #,540502
Bremer R at Berrys Lagoon - B #,540550
Bremer R at Berrys Lagoon *,540216
Bremer R at One Mile Br #,40836
Bremer R at Hancocks Br Brassall #,540250
Bremer R at Ipswich #,40831
Brisbane R at Moggill-1 #,40812
Brisbane R at Moggill-2 #,540200
Brisbane R at Aitchenson St East #,540201
Brisbane R at Goodna #,540670
Brisbane R at Boat Ramp Park #,540682
Brisbane R at Jindalee Br #,540192
Brisbane R at St Lucia #,540683
Brisbane R at Port Office #,540684
Brisbane R at City Gauge #,540198
Brisbane R at Hawthorne #,540685
Moreton Bay at Whyte Island #,540495
Deebing Ck at Churchill #,540248
Bundamba Ck at James Ivory Br #,540727
Bundamba Ck at Harding St #,40873
Bundamba Ck at Blackstone Br #,40872
Bundamba Ck at Bundamba School #,40875
Six Mile Ck at Redbank Plains Rd #,540664
Goodna Ck at Collingwood Park #,540672
Woogaroo Ck Bellbird Pk(Eugene St)#,540728
Woogaroo Ck at Brisbane Rd Goodna #,40874
Wolston Ck at Sumner #,540378
Oxley Ck at New Beith Rd Greenbank#,540097
Oxley Ck at New Beith Rd Greenbank*,40719
Oxley Ck at Goodna Rd #,540646
Oxley Ck at Johnson Road #,40788
Oxley Ck at Beatty Rd Archerfield #,40796
Blunder Ck at King Ave Durack #,40789
Stable Swamp Ck at Marshall Rd #,540432
Oxley Ck at Corinda High #,540071
Rocky Waterholes at Muriel Ave #,540433
Oxley Ck Mouth #,540274
Norman Ck at Joachim St Holland Pk#,540134
Norman Ck Caswell St  E Brisbane #,540132
Bulimba Ck at Greenwood St Wishart#,540127
Bulimba Ck Old C'land Rd Carindale#,540128
Bulimba Ck at Doughboy Pde Hemmant#,540129
Lota Ck at Rickertt Rd Ransome #,540279
Wynnum Ck at Byrneside St Wynnum #,540278
Pullen Pullen Ck Pinjarra Rd #,540296
Gold Ck Reservoir #,540107
Gold Ck Reservoir *,540609
Moggill Ck at Fortrose St Kenmore #,540061
Moggill Ck at Upper Brookfield *,40813
Enoggera Reservoir #,540119
Enoggera Reservoir *,540604
Ithaca Ck at Bardon Detention #,540784
Ithaca Ck at Lugg St #,540799
Ithaca Ck at Jason St Ithaca *,540500
Enoggera Ck at Bancroft Pk K Grove#,540118
Breakfast Ck at Bowen Hills Rail #,540130
Breakfast Ck Mouth #,540286
Kedron Bk at Osborne Rd Mitchelton#,540111
Kedron Bk at McCord St #,540478
Kedron Bk at Nudgee Rd Toombul #,540548
Pound Ck at Hendra #,540469
Cannery Ck at Crockford St #,540468
Zillman Waterhole at F.Sleeman Pk #,540431
Downfall Ck Brickyard Rd Geebung #,540120
Downfall Ck at Everton Park #,540636
Cabbage Tree Ck at Old N'n Rd #,540121
Lt Cabbage Tree Ck Stringybark Dr #,540113
Cabbage Tree Ck at Pineapple St #,540122
Cabbage Tree Ck at Braun St Deagon#,540124
Cedar Ck at Cedar Ck Rd *,540444
Sth Pine River at Samford Valley #,540739
Samford Ck at Samford Village #,540416
S Pine R at Drapers Crossing #,540205
S Pine R at Drapers Crossing *,540398
South Pine R at Eatons Hill *,540794
South Pine R at Gympie Rd #,540625
Terrors Ck at Dayboro #,540628
North Pine R at Dayboro #,540484
North Pine R at Dayboro *,540442
Kobble Ck at Mt Samson Rd #,540483
Kobble Ck at Mt Samson Rd *,540443
N Pine R at North Pine Dam-1 #,540202
N Pine R at North Pine Dam-2 #,540277
Sideling Ck at L Kurwongbah #,540204
Sideling Ck at L Kurwongbah *,540605
North Pine R at Youngs Crossing #,540412
Todds Gully at Lawnton (Todds Rd) #,540562
North Pine R at Lawnton #,540439
Four Mile Ck at John Bray Park#,540413
Freshwater Ck at Kallangur #,540658
Saltwater Ck at Lipscombe Rd #,540445
Saltwater Ck at Major St AL #,540741
Saltwater Ck at Rothwell #,540659
Shorncliffe Tide *,540762
Scarborough Tide *,540730
Burpengary Ck at Oakey Flat Rd #,540508
Burpengary Ck at Rowley Rd #,540245
Burpengary Ck at Mathew Cr #,540619
Burpengary Ck at Dale St #,540242
Little Burpengary Ck at Creek Rd #,540623
Caboolture R at Hausmann Lane *,540208
Wararba Ck at Wamuran #,540244
Wararba Ck at Wamuran (Eureka Ct)*,540793
Caboolture R at Caboolture WTP #,540243
Caboolture R at Short St #,540660
Sheep Station Ck at Morayfield #,540542
Lagoon Ck at Moodlu (Williams Rd) #,540557
Lagoon Ck at Machinery Pde #,540736
King John Ck at Beerburrum Rd *,540773
King John Ck at Pumicestone Rd #,540561
King Johns Ck at Bribie Is Rd #,540627
Caboolture R at Riversleigh Rd #,540558
Caboolture R at St Smith Rd AL#,540740
Beachmere #,540496
Elimbah Ck at Donnybrook Rd #,540635
Ewen Maddock Dam *,540603
Mooloolah R at Jordan St #,540344
Mooloolah R at Palmview #,540350
Mountain Ck at Tanawha #,540421
Mountain Ck at Dixon Rd #,540220
Mooloolaba Tide #,540347
Mooloolaba Tide *,540037
Lamerough Ck at Koala Court #,540764
Golden Beach #,540448
Golden Beach Tide *,540761
Bells Ck North #,540781
Bells Ck South #,540782
Coochin Ck at Old Gympie Rd #,540342
Coochin Ck at Beerwah #,540343
Coonowrin Ck at Glasshouse Mts #,540536
Coochin Ck at Mawsons Rd #,540533
Coochin Ck at Mawsons Rd *,540401
N Maroochy R at Eumundi #,540093
N Maroochy R at Eumundi *,540052
Rocky Ck at Cooloolabin Dam #,540460
Rocky Ck at Cooloolabin Dam *,540608
S Maroochy R at Wappa Dam #,540462
S Maroochy R at Wappa Dam *,540616
S Maroochy R at Kiamba #,540089
S Maroochy R at Kiamba *,540263
Poona Dam #,540461
Poona Dam *,540617
S Maroochy R at Yandina #,540092
S Maroochy R at Yandina *,540265
Maroochy R at Dunethin Rock #,540095
Yandina Ck at Yandina Ck #,540223
Doonan Ck at Doonan Creek #,540218
Doonan Ck at Coolum West #,540499
Maroochy R at Stoney Wharf Rd #,540424
Petrie Ck at West Woombye #,540419
Petrie Ck at Warana Br #,540088
Paynter Ck at Palmwoods Oval #,540420
Paynter Ck at Diddillibah #,540083
Petrie Ck at Bli Bli #,540506
Eudlo Ck at Eudlo #,540222
Eudlo Ck at Kiels Mountain #,540087
Maroochy R at Picnic Point #,540094
Teewah Ck at Coops Corner *,540209
Teewah Ck at Coops Corner #,540532
Kin Kin Ck at Wahpunga Ln #,540774
L Cootharaba at Boreen Point #,540308
Noosa R at Tewantin #,540310
Noosa R at Noosa Bar #,540311
Obi Obi Ck at Gardners Falls *,540403
Obi Obi Ck at Baroon Pocket Dam #,540426
Mary R at Conondale #,540620
Mary R at Bellbird Ck #,540332
Mary R at Bellbird Ck *,40830
Mary R at Kenilworth H/S #,540331
Mary R at Moy Pocket #,540330
Mary R at Moy Pocket *,40814
Yabba Ck at Borumba Dam HW #,540575
Yabba Ck at Borumba Dam TW *,540514
Yabba Ck at Imbil #,40777
Kandanga Ck at Hygait *,40780
Amamoor Ck at Zachariah *,40778
Mary R at Dagun Pocket #,540569
Mary R at Dagun Pocket *,40781
Cooroy Ck at Cooroy (Garnet St) #,540779
Six Mile Ck at Cooroy (Elm St) #,540778
Six Mile Ck at Liane Drv #,540777
Six Mile Ck at Lake MacDonald Dr #,540327
Six Mile Ck at Lake MacDonald Dam *,540755
Cooroora Ck at Pomona (Hill St) #,540775
Six Mile Ck at Cooran #,540326
Six Mile Ck at Cooran *,40782
Deep Ck at Cedar Pocket Dam HW #,540476
Deep Ck at Cedar Pocket Dam HW *,540572
Deep Ck at Cedar Pocket Dam TW *,540618
Mary R at Gympie Weir *,540215
Mary R at Gympie #,40993
Mary R at Fishermans Pocket *,40824
Glastonbury Ck at Glastonbury *,540404
Wide Bay Ck at Kilkivan *,40811
Wide Bay Ck at Brooyar *,540043
Mary R at Sexton #,540687
Mary R at Miva *,40826
Munna Ck at Marodian *,40825
Mary R at Home Park *,40833
Mary R at Tiaro #,540706
Mary R at Owanyilla #,540686
Mary R at The Barrage *,540039
Tinana Ck at Tagigan Rd *,540288
Tinana Ck at Bauple East *,40679
Tinana Ck at Magnolia #,540678
Tinana Ck at Teddington Weir *,40896
Tinana Ck at Bidwell #,540677
Tinana Ck at Tinana Barrage *,540027
Mary R at Portside #,540708
Mary R at Churchill St #,540637
Bunya Ck at Booral Rd #,540452
Black Swamp Ck at Maryborough Rd #,540450
Burrum R at Howard #,40907
Burrum R at Walls Camp #,540792
Cherwell R at Railway Br #,40904
Cherwell R at Pacific Haven #,40903
Isis R at Bruce Hwy *,540076
Gregory R at Childers Rd *,539061
Gregory R at Leesons *,539103
Elliott R at Dr Mays Crossing *,539060
Urangan Boat Harbour Tide *,540036
Three Moon Ck at Cania Dam HW #,539182
Three Moon Ck at Cania Dam HW *,539092
Three Moon Ck at Cania Dam TW *,539114
Monal Ck at Upper Monal *,539044
Monal Ck at Upper Monal #,539202
Three Moon Ck at Monto *,539040
Three Moon Ck at Abercorn *,39319
Splinter Ck at Dakiel *,539088
Splinter Ck at Stewarts Br #,539201
Burnett R at Yarrol *,539039
Burnett R at Yarrol #,539204
Eastern Ck at Lands End *,539052
Burnett R at John Goleby Weir *,539035
Burnett R at Ceratodus *,39318
Nogo R at Wuruma Dam HW *,539051
Nogo R at Wuruma Dam HW #,539203
Nogo R at Wuruma Dam TW *,539074
Burnett R at Eidsvold #,539189
Burnett R at Eidsvold *,39321
Burnett R at Marriages *,39324
St John Creek at Coonambula #,539257
Auburn R at Dykehead #,539188
Auburn R at Dykehead *,539037
Cadarga Ck at Brovinia #,539181
Cadarga Ck at Brovinia *,539042
Auburn R at Flagstone Br #,539190
Boyne R at Carters *,540056
Stuart R at Weens Br *,540231
Stuart R at Proston *,540055
Boyne R at Boondooma Dam *,540262
Boyne R at Cooranga #,539184
Boyne R at Cooranga *,539069
Boyne R at Derra *,539038
Boyne R at Derra #,539187
Burnett R at Jones Weir TW *,39320
Reid Ck *,539055
Reid Ck #,539200
Reid Ck at Dalgangal Rd #,539186
Burnett R at Wharton Weir *,539049
Burnett R at Gayndah Flume *,39323
Burnett R at Gayndah Flume #,539191
Barker Ck at Glenmore *,540042
Barker Ck at Bjelke-Petersen Dam *,540053
Barambah Ck at West Barambah *,540025
Barambah Ck at Litzows *,40834
Barambah Ck at Joe Sippel Weir HW *,540362
Barambah Ck at Joe Sippel Weir TW *,540361
Barambah Ck at Cherbourg *,540679
Barambah Ck at Ficks Crossing *,540077
Barambah Ck at Silverleaf Weir HW *,539077
Barambah Ck at Stonelands *,40837
Boonara Ck at Ettiewyn *,540075
Barambah Ck at Ban Ban *,40827
Barambah Ck at Ban Ban #,540696
Burnett R at Mt Lawless *,39193
Burnett R at Mt Lawless #,539151
Burnett R at Paradise Dam HW *,539108
Burnett R at Fig Tree *,539021
Burnett R at Fig Tree #,539148
Degilbo Ck at Coringa #,539146
Degilbo Ck at Coringa *,539045
Perry R at Perry River Br #,539231
Burnett R at Walla *,39313
Burnett R at Walla-B #,39258
St Agnes Ck at Walla Rd #,539215
Burnett R at Ned Churchward WeirHW*,539089
Burnett R at Ned Churchward WeirHW#,539149
Burnett R at Ned Churchward WeirTW*,539096
Germanbulyan Ck at Bungadoo #,539262
Cherry Ck at Givelda (LenihansRd)#,539261
Pine Ck at Pine Ck Rd #,539263
Burnett R at Woongarra PS *,539058
Burnett R at Bundaberg #,39352
Saltwater Ck at Barolin St #,539260
Bundaberg Ck at Ford St #,539143
Burnett R at Port Bundaberg Tide *,539093
Burnett Hds Jetty Tide *,539076
Kolan R at Molangul Xing *,539255
Kolan R at Springfield *,539048
Kolan R at Springfield #,539214
Kolan R at Fred Haigh Dam HW *,539050
Kolan R at Fred Haigh Dam HW #,539207
Gin Gin Ck at Duckpond Rd #,539206
Gin Gin Ck u/s Gin Gin *,539046
Gin Gin Ck u/s Gin Gin #,539210
Kolan R at Bucca Weir #,539205
Kolan R at Bucca Weir *,539047
Hermans Gully at Bucca Rd #,539265
Stony Ck at Bucca Rd #,539264
Kolan R at Gooburrum Pump Stn #,539211
Kolan R at Gooburrum Pump Stn *,539091
Baffle Ck at Essendean Bridge #,539126
Oyster Ck at Rapleys *,539118
Oyster Ck at Rapleys #,539142
Euleilah Ck at Hills Rd #,539135
Baffle Ck at Barnetts Rd #,539136
Mullet Ck at Rosedale Rd *,539256
Boyne R at Nagoorin #,539129
Boyne R at Milton #,539140
Boyne R at Benaraby #,539125
Boyne R at Boyne Island #,539134
Gladstone Tide *,539032
Calliope R at Castlehope *,539072
Leixlip Ck at Stowe Rd #,539227
Dawson R at Utopia Downs *,535032
Eurombah Ck at Brookfield *,535111
Dawson R at Tarana Crossing #,535142
Juandah Ck at Windamere *,535013
Dawson R at Taroom *,35282
Robinson Ck at Broadmere *,535055
Palm Tree Ck at La Palma *,535049
Dawson R at Glebe Weir HW *,535044
Dawson R at Glebe Weir TW *,535045
Dawson R at Gyranda Weir *,539070
Dawson R at Isla-Delusion Xing *,539065
Dawson R at Isla-Delusion Xing #,539164
Castle Ck at Defence Rd #,539172
Dawson R at Theodore Weir *,535110
Dawson R at Woodleigh *,539043
Dawson R at Moura Weir *,539081
Mimosa Ck at Redcliffe *,535021
Mimosa Creek at Redcliffe #,535216
Roundstone Ck at Dawson Highway *,535050
Mimosa Ck at Karamea #,535124
Dawson R at Bindaree *,539095
Dawson R at Baralaba HW *,539080
Dawson R at Baralaba TW *,539079
Dawson R at Beckers *,535015
Kroombit Ck at Kroombit Dam HW #,539241
Kroombit Ck at Kroombit Dam HW *,539112
Kroombit Ck at Kroombit Dam TW *,539083
Kroombit Ck at Biloela #,539232
South Kariboe Ck at Pump Station #,539248
South Kariboe Ck at Pump Station *,539106
Grevillea Ck at Folding Hills *,539105
Grevillea Ck at Folding Hills #,539238
Prospect Ck at Red Hill #,539247
Prospect Ck at Red Hill *,539100
Callide Ck at Callide Dam Inflow *,539111
Callide Ck at Callide Dam Inflow #,539236
Callide Ck at Callide Dam HW *,539071
Callide Ck at Callide Dam HW #,539235
Callide Ck at Linkes Causeway *,539110
Callide Ck at Linkes Causeway #,539244
Callide Ck at Jambin #,539240
Bell Ck at Craiglands *,539107
Bell Ck at Craiglands #,539237
Callide Ck at Goovigen *,539068
Callide Ck at Goovigen #,539239
Don R at Kingsborough *,539062
Dairy Ck *,539102
Dee R at Kenbula *,539056
Dee R at Wura *,539016
Dee R at Dululu *,539219
Don R at Rannes *,539057
Dawson R at Boolburra *,39008
Arcadia Ck at Arcadia Valley #,535200
Carnarvon Ck at Rewan *,535054
Carnarvon Ck at Rewan #,535202
Brown R at Lake Brown *,535052
Brown R at Lake Brown #,535183
Comet R at The Crescent #,535108
Rocky Ck at Consuelo #,535180
Panorama Ck at Mt Panorama #,535107
Comet R at Rolleston #,535109
Panorama Ck at Dawson Hwy #,535214
Comet R at The Lake #,535090
Comet R at The Lake *,535010
Comet R at Springsure Ck Junction #,35276
Comet R at Springsure Ck Junction *,535056
Comet R at Comet Weir #,535094
Comet R at Comet Weir *,535025
Nogoa R at Petrona #,535125
Nogoa R at Raymond #,535099
Van Dyke Ck at Van Dyke #,535106
Nogoa R at Glenlee #,535153
Medway Ck at Medway #,535178
Medway Ck at Serpentine #,535154
Nogoa R at Craigmore #,35251
Nogoa R at Craigmore *,535029
Borilla Ck at Glendon Rd #,535175
Nogoa R at Fairbairn Dam HW *,535019
Nogoa R at Emerald #,535076
Theresa Ck at Dam Site T/W *,535162
Sandy Ck at Clermont *,535028
Sandy Ck at Clermont Bridge *,535103
Douglas Ck at Clermont-Rubyvale Rd*,535160
Theresa Ck at Valeria #,35187
Theresa Ck at Valeria *,535018
Retreat Ck at Keilambete #,535114
Retreat Ck at Sapphire #,535100
Policemans Ck at Rubyvale #,535077
Theresa Ck at Gregory Highway #,535098
Theresa Ck at Gregory Highway *,535017
Nogoa R at Duckponds #,535097
Nogoa R at Duckponds *,535020
Mackenzie R at Rileys Crossing #,535095
Mackenzie R at Rileys Crossing *,535046
Mackenzie R at Bedford Weir HW *,535027
Mackenzie R at Bedford Weir TW #,535096
Mackenzie R at Bedford Weir TW *,535026
Mackenzie R at Bingegang Weir HW *,535023
Mackenzie R at Bingegang Weir HW #,35295
Mackenzie R at Bingegang Weir TW *,535022
Mackenzie R at Tartrus #,534043
Mackenzie R at Tartrus *,34096
Mackenzie R at Coolmaringa *,535163
Mackenzie R at Coolmaringa #,535173
Mackenzie R at Foleyvale #,535113
Isaac R at Peak Downs Hwy *,534026
Isaac R at Deverill *,534003
Hughes Ck at Dysart Rd *,534035
Campbell Ck at Convicts Crossing *,534034
Stephens Ck at Golden Mile Rd *,534036
Isaac R at Fitzroy Develop. Rd Br *,534028
Bee Ck at Suttor Dev Rd *,533122
Bee Ck at Peak Downs Hwy *,534027
30 Mile Ck at Peak Downs Hway *,534040
Denison Ck at Braeside *,533030
Prospect Ck at Marlboro-Sarina Rd *,533113
Funnel Ck at Marlb Sarina Rd Br *,533185
Funnel Ck at Main Rd *,534005
Connors R at Mt Bridget *,533091
Connors R at Pink Lagoon *,534004
Connors R at Pink Lagoon #,534044
Lotus Ck at Marlborough-Sarina Rd*,534037
Connors R at Lotus Ck Rd *,534041
Isaac R at Yatton *,534014
Isaac R at Yatton #,534042
Isaac R at May Downs Rd *,534038
Fitzroy R at Riverslea *,39044
Marlborough Ck *,534031
Fitzroy R at The Gap *,33285
Fitzroy R at Wattlebank *,533029
Fitzroy R at South Yaamba *,33310
Fitzroy R at Laurel Bank *,39347
Fitzroy R at Rockhampton *,539258
Neerkol Ck at Stanwell *,539078
Raglan Ck at Old Station *,539101
Port Alma Tide *,539075
Rosslyn Bay Tide *,533085
Waterpark Ck at Byfield *,533110
Sandy Ck at Eton #,533213
Dalrymple Bay Tide *,533010
Nth Sandy Ck at Kinchant Dam *,533124
Sandy Ck at Antoneys Crossing #,533198
Sandy Ck at Homebush *,533031
Bakers Ck at Walkerston #,533142
Bakers Ck at Bakers Creek #,533063
Drainage Channel at Schmidtke Rd#,533205
Drainage Channel at Gateway Dv #,533206
Teemburra Ck at Teemburra Dam TW *,533089
Blacks Ck at Whitefords *,533026
Blacks Ck at Whitefords #,33301
Pioneer R at Sarichs #,33299
Pioneer R at Sarichs *,33282
Finch Hatton Ck at Gorge Road *,533111
Cattle Ck at Finch Hatton #,533059
Cattle Ck at Finch Hatton *,533092
Cattle Ck at Mattie O'Neill Br #,533177
Cattle Ck at Frank Neilsen Br #,33304
Cattle Ck at Frank Neilsen Br *,33281
Pioneer R at Mirani Weir HW *,533069
Pioneer R at Mirani Weir TW *,33277
Pioneer R at Mirani Weir TW #,33302
Pioneer R at Mirani Township #,533178
Pioneer R at Marian Weir *,533125
Pioneer R at Dumbleton Rocks *,33283
Pioneer R at Dumbleton Rocks #,33300
Pioneer R at Dumbleton Weir Tw *,533105
Pioneer R at Hospital Br #,533060
Pioneer R at Mackay #,33303
Outer Harbour Tide #,33305
Outer Harbour Tide *,533009
Shellgrit Ck at Elamang St #,533207
Drainage Channel at Paradise St#,533208
Goosepond Ck at Gooseponds #,533061
Drainage Channel at Baxter Dv #,533204
McCready Ck Sth at Golflinks Rd #,533202
Drainage Channel at McKillop #,533203
McCreadys Ck at Beaconsfield #,533144
Jolimont Ck at Mt Roy *,533099
St Helens Ck at Calen *,533066
O'Connell R at Forbes Road *,533104
O'Connell R at Stafford Crossing *,533098
Andromache R at Jochheims *,533042
Proserpine R at P Faust Dam HW *,533019
Proserpine R at P Faust Dam HW #,533172
Proserpine R at P Faust Dam TW *,33274
Gregory R at Lower Gregory *,533020
Laguna Quays Tide *,533086
Don R at Mt Dangar #,33267
Don R at Reeves *,533013
Don R at Bowen Pump Stn #,33264
Bowen Wharf Tide *,533048
Euri Ck at Koonandah *,533106
Elliott R at Guthalungra *,533033
Burdekin R at Valley of Lagoons *,532103
Burdekin R at Blue Range *,532017
Clarke River *,532135
Burdekin R at Mt Fullstop *,532016
Paluma Dam #,532063
Running R at Mt Bradley *,532086
Burdekin R at Battery Ck *,533210
Star R at Laroona *,533107
Basalt R at Bluff Downs *,530017
Burdekin R at Gainsford *,533096
Keelbottom Ck at Keelbottom *,532085
Burdekin R at Sellheim #,533075
Burdekin R at Sellheim *,533011
Alpha Ck at Rivington #,535296
Native Companion Ck at Zeta #,535146
Native Companion Ck Violet Grove *,535053
Belyando R at Cooinda #,535145
Belyando R at Capricorn Hway *,535164
Belyando R at Clermont-Alpha Rd *,535102
Mistake Ck at Twin Hills *,536008
Eastern Ck at Clermont-Alpha Rd *,536012
Mistake Ck at Laglan Rd *,536013
Belyando R at Belyando Crossing *,536007
Suttor R at Eaglefield *,534016
Logan Ck at Diamond Downs Rd *,534024
Suttor R at St Anns #,534012
Suttor R at St Anns *,534008
Cape R at Taemas #,534010
Cape R at Taemas *,534017
Burdekin R at Burdekin Dam #,34097
Burdekin R at Burdekin Dam *,534001
Burdekin R at Hydro Site *,534013
Broken R at Old Racecourse *,533032
Broken R at Eungella Dam TW*,533162
Broken R at Urannah *,533094
Bowen R at Jacks Ck #,533015
Bowen R at Jacks Ck *,533102
Bowen R at Myuna #,33292
Bowen R at Myuna *,533024
Burdekin R at Dalbeg #,33291
Burdekin R at Dalbeg *,33278
Bogie R at Strathbogie #,33289
Burdekin R at Millaroo #,33287
Burdekin R at Clare Weir *,533090
Burdekin R at Clare #,33286
Burdekin R at Clare *,33279
Plantation Park Crossing at Ayr #,533118
Burdekin R at Inkerman Br #,33288
Dal Santos Crossing at Brandon #,533117
Burdekin R at Rita Island #,533057
Burdekin R at Groper Ck #,533049
Haughton R at Mt Piccaninny *,533027
Haughton R at Mt Piccaninny #,533055
Major Ck upstream Haughton R *,533016
Major Ck upstream Haughton R #,533072
Haughton R at Powerline #,533056
Haughton R at Powerline *,33280
Haughton R at Giru #,533051
Haughton R at Giru Weir *,533161
Barratta Ck at Northcote *,533093
Cape Ferguson Tide *,532005
Alligator Ck #,532034
Alligator Ck *,532051
Whites Ck #,532090
Stuart Ck at Mt Jacks Rd #,532101
Stuart Ck at Bruce Hwy #,532035
Ross R at Ross River Dam #,532020
Ross R at Black Weir (Riverway) #,532030
Ross R at Aplin Weir #,532029
Annandale #,532108
Gordon Creek #,532109
Ross R at Rooneys Bridge #,532088
Aitkenvale #,532111
Mindham Park at Mysterton #,532037
Townsville Harbour Tide *,532004
Townsville Harbour Tide #,532033
Captains Ck at Garbutt #,532106
Louisa Ck #,532032
Lt Bohle R u/s Bohle Junction #,532044
Bohle R at Hervey Range Rd #,532043
Kirwan (Sandstone Dve) #,532112
Bohle R at Dalrymple Rd #,532089
Bohle R at Mt Bohle #,532053
Saunders Ck  at Deeragun #,532105
Stony Ck #,532110
Black R upstream Bruce Hwy *,532055
Black R upstream Bruce Hwy #,532046
Bluewater Ck at Bluewater *,532007
Bluewater Ck at Bluewater #,532048
Rollingstone Ck at Rollingstone #,532091
Blunder Ck at Wooroora *,531060
Return Ck at Crooks Dam HW *,531111
Rudd Ck at Gunnawarra *,531079
Rudd Ck at Gunnawarra #,531081
Cameron Creek *,531078
Herbert R at Gleneagle #,32169
Herbert R at Gleneagle *,532066
Blencoe Ck at Blencoe Falls *,532080
Herbert R at Nashs Crossing #,32170
Herbert R at Zattas #,32184
Gowrie Ck at Gowrie Ck *,532010
Herbert R at Abergowrie #,32174
Herbert R at Abergowrie *,532006
Herbert R at Abergowrie Br #,532028
Stone R at Running Ck *,532011
Stone R at Peacock Siding #,32173
Herbert R at Trebonne #,532067
Herbert R at Ingham Pump Stn #,32171
Herbert R at Ingham Pump Stn *,532012
Herbert R at Gairloch (Auto) #,532027
Herbert R at Halifax #,32185
Lucinda Pt Tide *,532019
Meunga Ck at Meunga Ck #,532065
Meunga Ck at Sings Farm *,532096
Cardwell Tide *,532003
Cardwell Tide #,532113
Murray R at Upper Murray *,32109
Murray R at Upper Murray #,532061
Tully R at Tully Gorge *,531085
Tully R at Tully Gorge #,531104
Tully R at Bolinda Estate #,531057
Tully R at Euramo *,32167
Tully R at Euramo #,532059
Clump Point Tide *,532002
N Johnstone R at Glen Allyn #,531103
N Johnstone R at Glen Allyn *,531084
Rankin Ck at Ross's *,532092
Fisher Ck at Nerada *,532070
N Johnstone R at Tung Oil *,32152
N Johnstone R at Tung Oil #,32166
N Johnstone R at McAvoy Br #,532023
S Johnstone R at Corsis #,32161
S Johnstone R at Central Mill *,32155
S Johnstone R at Central Mill #,32160
S Johnstone R at Mourilyan Mill #,532025
Sweeney Ck at Sweeney Ck U/S #,532009
Sweeney Ck at Sweeney Ck D/S #,532013
Johnstone R at Innisfail  #,32163
Mourilyan Harbour Tide *,532018
Liverpool Ck at Japoonvale #,532116
Liverpool Ck at Japoonvale *,531026
Liverpool Ck at Silkwood *,532093
Mulgrave R at The Fisheries *,531046
Mulgrave R at The Fisheries #,531076
Mulgrave R at Peets Bridge *,531023
Mulgrave R at Peets Bridge #,531052
Mulgrave R at Gordonvale #,531051
Russell R at Bucklands *,531024
Babinda Ck at The Boulders *,531022
Russell R at Clyde Rd #,531074
Barron R at Goonara Creek *,531064
Gwynne Ck at Schoorls *,531070
Leslie Ck at Barron Junction *,531028
Barron R at Picnic Crossing *,531066
Peterson Ck at Railway Bridge *,531098
Mazlin Ck at Rail Bridge *,531065
Barron R at Tinaroo Dam *,531017
Barron R at Tinaroo Dam TW *,531030
Barron R at Mareeba *,31188
Barron R at Mareeba #,531033
Barron R at Bilwon *,531019
Barron R at Bilwon #,531036
Clohesy R at Bolton Road #,531037
Flaggy Ck at Flaggy Ck *,531027
Flaggy Ck at Flaggy Ck #,531039
Barron R at Myola *,31173
Barron R at Myola #,531040
Barron R at L Placid #,531041
Barron R at Kamerunga Br #,531048
Freshwater Ck at Redlynch *,531061
Freshwater Ck at Redlynch #,531072
Cairns Harbour Tide #,531050
Cairns Harbour Tide *,531044
Palm Cove Tide *,531089
Port Douglas Tide *,531016
Mossman R at Mossman *,531063
Mossman Tide *,531014
Whyanbeel Ck at Little Falls *,531067
Daintree R at Bairds *,531029
Barratt Ck at Barratt Ck *,531132
Bloomfield R at China Camp *,531071
Annan R at Beesbike *,531062
Little Annan R at Mulligan Hway *,531113
Endeavour R at Flaggy *,531069
Cooktown Tide *,531013
Condamine R at Killarney #,41537
Condamine R at Elbow Valley *,41494
Emu Ck at Emu Vale *,541035
Condamine R at Murrays Br #,41536
Condamine R at Harrisons Rd #,541137
Swan Ck at Swanfels *,541036
Rosenthal Ck at Connolly Dam #,41532
Condamine R at Warwick Scots Coll *,41503
Condamine R at Warwick #,41534
Campbells Gly at Cunningham Hwy #,541103
Sandy Ck at Leslie Dam HW *,541055
Sandy Ck at Leslie Dam TW *,541037
Glengallan Ck at Rocky Ridge *,541098
Glengallan Ck near Backwater Ck #,41531
Condamine R at Talgai HW *,541049
Condamine R at Talgai TW *,541038
Dalrymple Ck at Goomburra #,541101
Dalrymple Ck at Allora *,41516
Dalrymple Ck at Victoria Hill #,541048
Kings Ck at Aides Br *,41518
Condamine R at Millbrook #,541050
Hodgson Ck at Cambooya *,541170
Canal Ck at Karara #,541142
Canal Ck at Torridon #,541104
Canal Ck at Leyburn *,41514
Condamine R at Tummaville *,41499
Condamine R at Yarramalong *,541040
Condamine R at Centenary Bridge *,541158
Condamine R at Lemon Tree Weir *,541096
North Condamine R at Pampas Br *,541047
North Condamine R at Lone Pine *,541056
Condamine R at Cecil Plains *,41498
Gowrie Ck at Cranley *,541093
Gowrie Ck at Oakey *,541058
Oakey Ck at Boodua Muniganeen Rd *,541148
Oakey Ck at Kingsthorpe Haden Rd *,541147
Myall Ck at Quinalow *,541167
Doctors Ck at Oakey-Cooyar Rd *,541141
Oakey Ck at Weir Park *,541146
Myall Ck at Clydesdale #,541043
Oakey Ck at Dalmeny *,541160
Oakey Ck at Jondaryan *,541097
N Myall Ck at Moffatt #,541042
Oakey Ck at Bowenville Reserve *,541159
Oakey Ck at Fairview *,41479
Myall Ck at Dalby #,541041
Condamine R at Loudoun Weir *,541054
Condamine R at Loudoun Br #,541155
Cooranga Ck Jandowae-MacAlister Rd#,541122
Jandowae Ck at Sengs Rd #,541117
Jandowae Ck at Jandowae Dam #,541162
Jandowae Ck at Jandowae #,541118
Cooranga Ck at Warra #,541154
Condamine R at Brigalow Br *,41490
Condamine R at Brigalow Br #,541156
Condamine R at Chinchilla Weir HW *,541071
Condamine R at Chinchilla Weir TW *,41517
Charleys Ck at Beruna #,541126
Charleys Ck at Seven Oaks #,541125
Charleys Ck at Burncluith Bridge #,541124
Charleys Ck at Chinchilla #,541123
Charleys Ck at Chinchilla *,541074
Condamine R at Bedarra *,542008
Condamine R at Bedarra #,542020
Condamine R at Condamine Township #,542019
Condamine R at Cotswold *,42098
Dogwood Ck at Gilweir *,42107
Yuleba Ck at Yuleba Forestry *,543008
Balonne R at Surat (Auto) *,543005
Bungil Ck at Tabers *,43105
Bungil Ck at Tindarra *,43033
Bungil Ck at Roma *,543010
Balonne R at Weribone *,43101
Balonne R at Warroo *,543016
Maranoa R at Forest Vale *,543007
Maranoa R at Homebush Stn *,543011
Maranoa R at Mitchell *,43102
Amby Ck at Upper Amby *,543015
Maranoa R at Begonia *,543024
Maranoa R at Old Cashmere *,43100
Balonne R at Beardmore Dam *,43103
Balonne R at Jack Taylor Weir *,543004
Balonne R at St George * (auto),43104
Culgoa R at Whyenbah *,544018
Culgoa R at Woolerbilla *,544023
Briarie Ck Hebel-Woolerbilla Rd *,44197
Narran R at Dirranbandi-Hebel Rd *,544012
Ballandool R at Hebel-Bollon Rd *,544013
Bokhara R at Hebel *,544016
Wallam Ck at Cardiff *,544022
Nebine Ck at Roseleigh Crossing *,544025
Warrego R at Augathella *,544011
Nive R at Old Tambo Rd #,544041
Nive R at Biddenham #,544047
Warrego R at The 27 Mile Garden #,44232
Middle Ck at Wellwater Rd #,544055
Bradleys Gully at Raceview #,544028
Lower Bradleys Gully #,544027
Warrego R at Charleville #,44229
Langlo River at Warilda #,544058
Langlo R at Bonella #,544067
Ward R at Oakwood #,544044
Ward R at Ward R Xing #,544049
Ward R at Binnowee *,544021
Ward R at Binnowee #,44230
Angellala Ck at Bonfield #,544062
Angellala Ck at Alice Downs #,544069
Angellala Ck at Wallal #,544072
Warrego R at Bakers Bend #,44233
Warrego R at Wyandra *,544014
Warrego R at Wallen *,544024
Warrego R at Cunnamulla Weir *,544019
Warrego R at Barringun No.2,548003
Quilberry Ck at Cooladdi #,544059
Paroo R at Humeburn #,544075
Paroo R at Farnham Plains,44235
Yowah Ck at Alroy Crossing *,544080
Paroo R at Caiwarro *,544015
Blackwater Ck at Patricia Park *,544064
Bulloo R at Milroy *,545010
Bulloo R at Quilpie *,545007
Winbin Ck *,545008
Bulloo R at South Comongin *,545004
Bulloo R at Soonah Crossing *,545005
Bulloo R at Autumnvale *,545001
Yappi Ck *,545009
Bulloo R at Thargomindah,45045
Thomson R at Longreach Auto *,36161
Black Gin Ck at Ilfracombe *,536017
Darr R at Darr Auto *,536005
Thomson R at Bogewong *,537007
Thomson R Stonehenge (West) *,537004
Barcoo R at Tambo Lake *,535215
Barcoo R at Mt Enniskillen *,535208
Barcoo R at Gillespie #,535152
Barcoo R at Blackall #,536009
Barcoo R at Blackall *,536003
Barcoo R at Coolagh *,536018
Jordan R at Glencoe #,535104
Alice R at Barcaldine Weir *,536002
Powell Ck *,538011
Barcoo R at Retreat Auto *,538001
Cooper Ck at Lignum Channel *,538008
Cooper Ck at Eaton Channel *,538009
Cooper Ck at Main Channel *,538010
Cooper Ck at Windorah(Long Xing)*,538006
Ginniapapa Ck at Bellalie *,545012
Wilson R at Nockatunga *,545006
Cooper Ck at Nappa Merrie *,545002
Mills Ck at Oondooroo *,537005
Wokingham Ck at Leeson *,537015
Diamantina R at Diamantina Lakes *,538003
Mayne R at Winton Jundah Rd *,537020
Farrars Ck at Diamantina Dev Rd *,538007
Diamantina R at Birdsville TM *,538005
Georgina R at Roxborough Downs *,537003
Burke R at Boulia *,538002
Normanby R at Kalpowar Xing *,528005
Hann R at Sandy Creek *,528008
Stewart R at Telegraph Rd *,528007
Pascoe R at Fall Ck *,527009
Pascoe R at Garraway Creek *,527011
Mornington Island Tide *,529020
Gregory R at Riversleigh *,29166
Gregory R at Gregory Downs *,529009
Burketown Tide *,529040
Leichhardt R at Doughboy Ck *,529014
Leichhardt R at Julius Dam *,529019
Leichhardt R at Miranda Creek *,529021
Gunpowder Ck at Gunpowder *,529013
Leichhardt R at Floraville *,529010
Flinders R at Whites Mountain *,530031
Flinders R at Glendower Crossing *,530023
Flinders R at Glenmoan Station *,530042
Porcupine Ck at Mt Emu Plains *,530012
Flinders R at Marathon *,530164
Flinders R at Richmond *,530009
Flinders R at Punchbowl *,529043
Flinders R at Etta Plains *,529018
Julia Ck at Julia Ck *,529006
Williams R at Landsborough Hwy *,529022
Gilliat R at Wills Dev Rd *,529041
Cloncurry R at Cloncurry *,529011
Corella R at Corella Dam HW *,529054
Dugald R at Rail Crossing *,529015
Cloncurry R at Canobie Auto *,529017
Flinders R-Cloncurry R Junction *,529044
Saxby R at Punchbowl Rd *,529042
Flinders R at Walkers Bend *,529007
Spear Ck at Iffley *,529051
Norman R d/s Yappar R Junction *,529046
Norman R at Broadwater *,529047
Norman R at Glenore Weir *,529012
Norman R at Normanton *,529049
Walkers Ck at Miranda Downs *,529050
Walker Ck at Burke Devel Rd *,529048
Karumba Tide *,529003
Gilbert R at Rockfields *,533095
Copperfield R at Spanner Waterhole*,530015
Copperfield R at Kidston Dam HW *,530014
Copperfield R at Kidston Dam TW *,530013
Einasleigh R at Einasleigh *,530007
Elizabeth Ck at Mt Surprise *,530008
Etheridge R at Roseglen *,530010
Einasleigh R at Minnies Dip *,529052
Gilbert R at Burke Dev Rd *,529053
Staaten R at Dorunda *,529023
Bushy Ck at Mt Molloy Rd *,531112
McLeod R at Mulligan Highway *,531083
Mitchell R at Cooktown Crossing *,531087
Mitchell R at OK Bridge *,528006
Walsh R at Nullinga *,531080
Walsh R at Flatrock *,531025
Walsh R at Rookwood *,528009
Walsh R at Trimbles Crossing *,528003
Mitchell R at Gamboola *,528001
Palmer R at Goldfields *,531031
Mitchell R at Dunbar *,529024
Archer R at Telegraph Crossing *,527003
Coen R at Coen Racecourse *,527008
Humbug Point (Weipa) Tide *,527004
Wenlock R at Moreton *,527006
Dulhunty River *,527012
Jardine R at Monument *,527007
Ugar Island Tide *,527022
Boigu Island Tide *,527019
Iama Island Tide *,527018
Thursday Island Tide *,527005
Moa Island (Kubin) Tide *,527017
Inverbrackie Creek,24583
Lenswood Creek at Swamp Rd,523743
Onkaparinga R at Oakbank,523717
Hahndorf Creek US Onka. R (DEW),523776
Onkaparinga R DS Hahndorf Ck(DEW),523772
Onkaparinga R at Verdun (SAW),523730
Cox Creek at Piccadilly (DEW),523783
Aldgate Creek at Euston Rd,523715
Onkaparinga R at Houlgraves (SAW),523726
Burnt Out Ck US Mt Bold Res (DEW),523055
Mt Bold Reservoir (SAW),523765
Scott Creek (SAW),523725
Scott Creek (DEW),523775
Onkaparinga R at Clarendon W (SAW),523724
Onkaparinga R at Clarendon W (BOM),23914
Onkaparinga R DS Clarendon W(DEW),523771
Onkaparinga R at Baker Gully(DEW),523774
Onkapar. R at Old Noarlunga (DEW),523770
Onkaparinga R at Patapinda Rd Br,521011
Pedler Ck at Stump Hill Rd (DEW),523768
Pedler Ck at Moana (DEW),523767
Myponga R US Resv (SAW),523723
Millers Ck at Forreston,523709
Torrens R at Gumeracha Weir (SAW),523755
Torrens R at Gumeracha Weir (BOM),523708
Cudlee Ck at Lobethal Rd,523700
Millbrook Reservoir (SAW),523763
Torrens R DS Hollands Ck (DEW),523777
Kangaroo Creek Resv Dam (SAW),523733
Sixth Ck at Castambul,23852
Torrens R at Gorge Weir,23909
Torrens R at Gorge Weir (SAW),523742
Fifth Ck at Athelstone,23094
Second Ck at Stonyfell,23145
Torrens R at Walkerville (DEW),523040
First Ck at Waterfall Gully Rd,523746
First Ck at Botanic Gdns (DEW),523041
Torrens R at Holbrooks Rd (DEW),523044
Torrens R at Seaview Rd (DEW),523042
Dry Ck at Valley View (DEW),523058
Dry Ck at Bridge Rd (DEW),523059
Little Para Reservoir (SAW),523112
Little Para R US Fault (DEW),523057
Tide level at Pt Adelaide (Osborne),523004
Keswick Ck at Victoria Park,523010
Keswick Ck at Unley (Roberts Place),23119
Keswick Ck at Army Barracks,23115
Brownhill Ck at Mitcham (DEW),523769
Brownhill Ck at Heywood Park,523101
Brownhill Ck at Adelaide Ap (DEW),523046
Sturt Ck at Coromandel Valley,523750
Sturt Ck DS Minno Ck (DEW),523766
Sturt Ck at Sturt Dam,23136
Sturt Ck at Marion (Marion Rd),23140
Sturt Ck at Novar Gardens (DEW),523045
South Para R at SE Gawler (DEW),523048
North Para R at Mt Mckenzie (DEW),523308
North Para R at Penrice (DEW),523314
Duckponds Ck at Stockwell (DEW),523053
North Para R at Nuriootpa(Park Ave),23357
Tanunda Ck at Bethany (DEW),523313
Jacobs Ck at Barossa Highway,23376
North Para R at Yaldara (DEW),523312
Greenock Ck at Greenock (DEW),523320
Greenock Ck at Shea-Oak Log,23348
North Para R at Turretfield Dam,23141
North Para R below Tur. Dam (DEW),523012
Gawler R at Gawler West(Gosford St),23107
Gawler R at Virginia (DEW),523038
Bremer R at Tennis Court (DEW),524530
Bremer R DS Harrogate Rd (DEW),524529
Mt Barker Ck DS Mt Barker (DEW),524519
Dawesley Ck at Dawesley (DEW),524520
Bremer R US Mt Barker Ck (DEW),524516
Mt Barker Ck US Bremer R (DEW),524517
Bremer R near Hartley (DEW),524518
Bremer R at Wanstead Rd (DEW),524528
Bremer R US Langhorne Ck (DEW),524550
Bremer R US Ballandown Rd (DEW),524522
Wakefield R at Rhynie (DEW),521010
Wakefield R US Balaklava (DEW),521017
Wakefield R at Pt Wakefield R (DEW),521018
Light R near Hamilton (DEW),523318
Julia Ck near Hansborough (DEW),523321
Light R at Mingays Waterhole(DEW),523315
Light R at Hamley Bridge (DEW),523065
Gilbert R at Saddleworth (DEW),523317
Gilbert R at Stockport (DEW),523319
Light R upsteam of Mallala (DEW),523066
Light R US School Road (DEW),521012
R Murray US Lock 8 (DEW),547008
R Murray DS Lock 8 (DEW),547005
Lake Victoria (DEW),547004
R Murray US Lock 7 (DEW),547007
R Murray DS Rufus River (DEW),576003
R Murray US Lock 6 (DEW),524038
R Murray DS Lock 6 (DEW),524032
Chowilla DS Monoman Ck (DEW),524029
R Murray US Lock 5 (DEW),524037
R Murray DS Lock 5 (DEW),524031
R Murray at Lyrup Pump Stn (DEW),524027
R Murray at Berri Pump Stn (DEW),524008
R Murray US Lock 4 (DEW),524036
R Murray DS Lock 4 (DEW),524030
R Murray at Loxton Pump Stn (DEW),524034
R Murray US Lock 3 (DEW),524039
R Murray DS Lock 3 (DEW),524028
R Murray US Overland Corner (DEW),524007
R Murray US Lock 2 (DEW),524035
R Murray DS Lock 2 (DEW),524033
R Murray US Lock 1 (DEW),524504
R Murray DS Lock 1 (DEW),524507
R Murray at Swan Reach 3km DS Ferry,524526
Marne River at Marne Gorge (DEW),524531
R Murray at Walker Flat (DEW),524527
R Murray at Mannum Wharf (DEW),524525
R Murray at Murray Bridge/Long Is.,524524
R Murray 2km DS Wellington ferry,524532
L Alexandrina at Milang Jetty (DEW),524535
Lake Albert at Meningie Jetty (DEW),524533
Goolwa Channel 2km West of Clayton,523787
Goolwa Channel DS Hindmarsh Bridge,523785
US Goolwa Barrage (DEW),523786
DS Goolwa Barrage (DEW),523788
Tauwitchere Barrage (DEW),524536
Cooper Ck at Cullyamurra WH (DEW),517001
Cooper Ck NW Ch US Coongie L(DEW),517012
Diamantina R at Birdsville (DEW),538005
Warburton R at PoothapootaWH (DEW),517013
Neales R South Stewart WH (DEW),516001
Neales R Algebuckina WH (DEW),517014
Lake Cethana Dam (H),591017
Lake Barrington Dam (H),591041
Lake Paloona Dam (Forth Rv) (H),591044
Middlesex Plain (Iris Rv) (H),591051
Lake Gairdner Dam (H),591046
Wilmot Rv (Abv Forth) (H),591042
Forth Rv blw Wilmot (H),591036
Rowallan Dam (H),596042
Mersey Rv (Abv Arm) (H),596035
Abv Mersey Rv (Arm Rv) (H),596056
Abv Lake Mackenzie (H),596070
Parangana Dam (H),596037
Mersey Rv at Liena (H),591034
Mersey Rv at Kimberley,91266
Mersey Rv at Shale Rd (D),591032
Mersey Rv at Latrobe Bridge,91279
Liffey Rv abv West Channel (D),591047
Liffey Rv at Carrick (D),591052
Meander Rv at Westwood Bridge,91303
St Patricks Rv at Nunamara Offtake,91271
North Esk Rv at Ballroom (D),591033
North Esk Rv at Corra Linn,91263
Break O'Day Rv at Killymoon (D),592002
South Esk Rv at Upper Esk Bge(D),592019
South Esk Rv at Mathinna,92106
South Esk Rv at Fingal,92091
St Pauls Rv at Lewis Hill,92020
St Pauls Rv abv Avoca (D),592003
South Esk Rv at Llewellyn (H),93044
Nile Rv at Deddington (D),91326
South Esk Rv at Perth (D),591031
Back Creek abv Wilmores Lane (D),591048
South Esk Rv at Longford,91207
South Esk Rv at Trevallyn Pond (H),591037
Tooms Lake,92079
Tooms Rv blw Tooms Lake (D),592008
Macquarie Rv at Trefusis (D),593003
Macquarie Rv at Mt Morriston,93052
Macquarie Rv at Ross,93051
Macquarie Rv at Fosterville (D),93059
Lake Leake,92146
Elizabeth Rv d/s Lake Leake (D),592009
Macquarie Rv at Morningside (D),93026
Isis Rv at Barton,93020
Lake Rv at Parknook (H),593000
Lake Rv at Lake House (H),591055
Below Palmers RT (H),591045
Brumbys Ck (No 3 Weir) (H),591039
Macquarie Rv at Cressy Pumps (H),591049
Legerwood Rivulet d/s Ringaroom(D),591053
Ringarooma Rv upstr Branxholm (D),591054
Ringarooma Rv at Moorina Bdge (D),592005
George Rv at St Helens Intake (D),593001
Scamander Rv abv Water Supply (D),592006
Swan Rv upstrm Hardings Falls (D),592023
Swan River at the Grange (D),592021
Meredith River at Swansea (D),592020
Blw Lake St Clair (Derwent Rv) (H),596055
King William Lake at Dam (H),596074
Little Pine Lagoon at Dam (H),596080
Pine Tier Dam (H),596062
Nive abv Tungatinah (H),595009
Liapootah Pond Dam (H),596084
Wayatinah Lagoon at Intake (H),595031
Florentine Rv at Eleven Rd (H),595028
Florentine Rv abv Derwent Rv (H),595015
Catagunya lake Dam (H),595033
Repulse lake Dam (H),595032
Cluny Lagoon Dam (H),595017
Echo Lake at Dam (H),596077
Dee Rv abv Derwent Rv (H),591040
Derwent Rv at Glendu (H),595011
Ouse Rv at Lake Augusta Intake (H),596050
Pine Tree RT (Lake HWY) (H),596012
Arthurs Lake at Pump Station (H),596081
Ouse Rv (blw Liawenee Canal) (H),596060
St Patricks Plains (H),596061
Shannon Rv at Hermitage (H),96070
Ouse Rv at Ashton (H),95049
Ouse Rv at 3B Weir (H),595029
Clyde Rv ds Lake Cresent (D),596068
Clyde Rv at Bothwell (D),95046
Meadowbank HEC (H),95040
Derwent Rv blw Meadowbank Dam (H),595012
Tyenna Rv at Newbury (D),595013
Styx River at Bruces Bridge,595021
Plenty River at Feilton,595025
Derwent Rv at Macquarie Plains (D),95042
Derwent Rv abv New Norfolk Bdg (D),595018
Derwent Rv at New Norfolk,95066
Jordan Rv at Mauriceton (D),94143
Huon Rv at Harrisons Opening,597501
Huon Rv at Tahune Bdge,597500
Huon Rv at Judbury (D),94179
Huon Rv at Huonville,94180
Wilson River at Odonnell Range,502010
Dunham River at Dunham Gorge,502031
Dunham River at Flying Fox Hole,502029
Ord River at Tarrara Bar,502000
King River at Cockburn North,501000
Hann River at Phillips Range,502024
Fitzroy River at Dimond Gorge,502027
Margaret River at Me No Savvy,502006
Margaret River at Margaret Gorge,502059
Leopold River at Mount Winifred,502001
Margaret River at Mount Krauss,502005
Fitzroy River at Fitzroy Crossing,503014
Christmas Creek at Homestead,503000
Fitzroy River at Noonkanbah,503007
Fitzroy River at Fitzroy Barrage,503017
Mount Wynne Creek at Ellendale,503011
Fitzroy River at Looma,503012
Fitzroy River at Willare,503013
Lennard River at Mount Joseph,503008
Isdell River at Dales Yard,503009
Coongan River at Marble Bar,504037
Coongan River at Marble Bar Rd,504041
Shaw River at North Pole Mine,504035
Shaw River at Marble Bar Rd,504040
De Grey River at Coolenar Pool,504000
Yule River at Jelliabidina,504017
Turner River at Pincunah,504032
Maitland River at Miaree Pool,505042
Fortescue River at Newman Rd Br,507011
Weeli Wooli Ck at Waterloo Bore,505041
Weeli Wooli Ck at Tarina,505040
Marillana Ck at Flat Rocks,505011
Fortescue River at Deep Reach,505054
Fortescue River at Gregory Gorge,505010
Fortescue River at Bilanoo Pool,505039
Robe River at Yarraloola,505059
Cane River at Toolungu,505055
Ashburton River at Capricorn Range,507002
Ashburton River at Nanutarra,505000
Gascoyne River at Pells Island,506016
Lyons River at Lyons River Xing,506013
Gascoyne River at Jimba,506012
Gascoyne River at Fishy Pool,506011
Gascoyne River at Nine Mile Br,506000
Murchison River at Emu Springs,508021
Greenough River at Pindarring Rocks,508017
Greenough River at Mitthutharra,508037
Greenough River at Karlanew Peak,508020
Irwin River at Yatharagga,508038
Irwin River at Strawberry Bridge,508303
Irwin River at Mountain Bridge,508032
Hill River at Hill River Springs,509168
Hill River at Ardross,509418
Moore River Nth at Long Pool Br,508030
Moore River Nth at Moora Caravan Pk,508000
Moore River at Quinns Ford,509381
Moore River at Waterville Road,509421
Gingin Brook at Gingin,509427
Gingin Brook at Bookine Bookine,509419
Salt River at Qualandary Crossing,510058
Avon River at Bells Farm,510524
Avon River at Beverley Br,510507
Dale River at Waterhatch Br,510508
Avon River at York,510059
Avon River at Northam Weir,510061
Mortlock River North at Frenches,510000
Mortlock River at ODriscolls Farm,510035
Avon River at Stirling Tce Toodyay,510060
Wooroloo Brook at Karls Ranch,509376
Brockman River at Tanamerah,509447
Brockman River at Yalliawirra,510523
Swan River at Walyunga,509438
Ellen Brook at Railway Parade,509457
Helena River at Poison Lease,509458
Helena Brook at Trew Road,509459
Jane Brook at National Park,509456
Darkin River at Pine Plantation,509471
Swan River at Meadow Street Br,509378
Swan River at Barrack Street Jetty,509440
Canning River at Seaforth,509379
Southern River at Anaconda Drive,509063
Canning River at Kent St Weir,509484
Nambeelup Brook at Kielman,509586
Crossman River at Rivendale,510521
Hotham River at Marradong Road Br,509545
Williams River at Saddleback Rd Br,509544
Murray River at Baden Powell Spout,509541
Marrinup Brook at Brookdale Siding,509129
Murray River at Pinjarra,509542
Meredith Drain at Johnston Rd,509557
Harvey River at Dingo Road,509119
Harvey River at Old Bunbury Rd,509589
Collie River East at James Crossing,509539
Bingham River at Palmer,509309
Collie River East at Coolangatta,509529
Collie River at Collie,509533
Collie River South at Collie,509532
Collie River at Mungalup Tower,509530
Hamilton River at Worsley,509594
Collie River at Rose Road,509536
Brunswick River at Sandalwood,509370
Wellesley River at Juegenup,509535
Thomson River at Woodperry,509528
Preston River at Lowden Road Br,509526
Preston River at Boyanup Bridge,509524
Ferguson River at Dowdells Road Br,509450
Ferguson River at South Western Hwy,509551
Capel River at Yates Bridge,509462
Capel River at Railway Bridge,509591
Vasse Diversion at Wonnerup East Rd,509523
Vasse Diversion at D/S Hill Rd,509521
Carbunup River at Lennox Vineyard,509522
Wilyabrup Brook at Woodlands,509190
Margaret River at Willmots Farm,509065
Margaret River Nth at Whicher Range,509355
North Arthur River at Lake Toolibin,510500
Arthur River at Mount Brown,510501
Beaufort River at Manywaters,510502
Blackwood River at Boyup Flax Mill,509519
Blackwood River at Winnejup,509461
Blackwood River at Bridgetown,509517
Blackwood River at Nannup,509518
Blackwood River at Darradup,509473
Blackwood River at Gingilup,509468
Chapman River at Forest Grove,509470
Blackwood River at Hut Pool,509549
Scott River at Brennans Ford,509199
Donnelly River at Strickland,509467
Wilgarup River at Quintarrup,509482
Warren River at Wheatley Farm,509465
Lefroy Brook at Rainbow Trail,509572
Lefroy Brook at Cascades,509464
Warren River at Barker Rd Crossing,509463
Gardner River at Baldania Ck Confl,509196
Weld River at Wattle Block,509412
Weld River at Ordnance Rd Crossing,509266
Deep River at Teds Pool,509300
Shannon River at Dog Pool,509578
Frankland River at Mount Frankland,509548
Kent River at Styx Junction,509278
Kent River at Rock Glen,509385
Yate Flat Creek at Woonanup,509022
Denmark River at Kompup,509466
Denmark River at Mt Lindesay,509017
Little Creek at Ocean Beach Rd,509587
Denmark River at Denmark College,509514
Cuppup River at Eden Road,509590
Sleeman River at Sleeman Rd Bridge,509439
Wilson Inlet at Old Railway Bridge,509559
Pallinup River at Bull Crossing,510026
Young River at Cascades,512018
Young River at Neds Corner,509004
Lort River at Fairfield,509195
Coramup Creek at Myrup Road,509546
Bandy Creek at Fisheries Road,509513
Victoria R at Kalkarindji*,514824
Wickham R at Williams Crossing*,514823
Victoria R at Dashwood Crossing*,514822
Katherine R near Birdie Creek*,514915
Seventeen Mile Creek*,514917
Katherine R at Nitmiluk Centre#,514916
Maud Creek*,514926
Katherine R at Ironwood Station*,514918
Katherine R at Katherine Bridge#,514913
Dry R near Manbulloo*,514921
King R d/s Stuart Highway*,514920
King R d/s Victoria Highway*,514600
Flora R at Stoney Creek*,514914
Edith R u/s Stuart Highway*,514905
Cullen R at Stuart Highway*,514206
Fergusson R at Railway Bridge*,514901
Fergusson R near Bondi Creek*,514050
Daly R at Dorisvale Crossing*,514912
Daly R at Theyona Station*,514902
Douglas R at Douglas Crossing*,514900
Daly R at Beeboom Crossing*,514909
Daly R at Gourley*,514305
Daly R at Mount Nancar*,514911
Daly R at Daly R Police Station*,514910
Rapid Creek*,514008
Elizabeth R at Stuart Highway*,514192
Adelaide R East Branch*,514019
Adelaide R West Branch*,514017
Adelaide R at Adelaide River Town*,514059
Adelaide R at Tortilla Flats*,514015
Adelaide R at Marrakai Crossing*,514922
Adelaide R at Dirty Lagoon*,514919
Adelaide R at Arnhem Highway*,514003
Goyder R u/s Central Arnhem Rd*,514519
Waterhouse R d/s of Diljin Hill*,514608
Waterhouse R at Beswick Bridge*,514603
Wilton R at Roper Highway*,514609
Roper R downstream of Mataranka*,514604
McArthur R at Baileys Grave*,514705
McArthur R at MRM*,514702
McArthur R at Borroloola*,514700
Todd R at Wigley Gorge*,515004
Charles R at Big Dipper#,515005
Todd R at Anzac Oval*,515003
Todd R at Heavitree Gap*,515501
Capertee R at Glen Davis,563075
Deep Ck at Lancefield,586224
Woori Yallock Ck at Woori Yallock,586215
Yarra R at Warrandyte,86347
Brisbane R at Jindalee Br *,540753
Oxley Ck at Ipwsich Rd*,540805
Six Mile Ck at Rose Ck Rd #,540543
Kin Kin Ck at Kin Kin #,540639
Tinana Ck at Teddington Water *,40390
Daintree R at Daintree Village *,531110
Cooper Ck at Ballera Bridge *,545003
Cooper Ck at Ballera Crossing (WDS),545003
Cooper Ck NW Ch Scrubby Camp (WDS),517016
Cooper Ck at Gidgealpa (WDS),517018
Cooper Ck at Walkers Crossing(WDS),517017
